name,content,price
APPLE 2024 맥북프로14 M3 Pro 11Core 14GPU 블랙,"AI 노트북/운영체제(OS): macOS Sonoma/용도: 그래픽작업용/
화면정보 35.9cm(14.2인치)/3024x1964(254ppi)/1000nit/주사율: 120Hz/
CPU 애플(ARM)/M3 Pro/11코어(5P+6E)/
NPU 애플 뉴럴엔진/18TOPS/
램 램 용량: 18GB/램 교체: 불가능/
그래픽 내장그래픽/M3 Pro/14core/
저장장치 SSD/512GB/
네트워크 무선랜: 802.11ax(Wi-Fi 6E)/
영상입출력 HDMI/DP Alt Mode/웹캠(FHD)/
단자 썬더볼트4: 3개(USB-C겸용)/SD카드/
파워 배터리: 72.4Wh/어댑터: 70W/전원: USB-PD/최대18시간/
주요제원 두께: 15.5mm/무게: 1.61kg/쿨링팬: 2개/색상: 블랙","2,399,990"
APPLE 2024 맥북프로16 M3 Pro 12Core 18GPU 블랙,"AI 노트북/운영체제(OS): macOS Sonoma/용도: 그래픽작업용/
화면정보 41.0cm(16.2인치)/3456x2234(254ppi)/1000nit/주사율: 120Hz/
CPU 애플(ARM)/M3 Pro/12코어(6P+6E)/
NPU 애플 뉴럴엔진/18TOPS/
램 램 용량: 18GB/램 교체: 불가능/
그래픽 내장그래픽/M3 Pro/18core/
저장장치 SSD/512GB/
네트워크 무선랜: 802.11ax(Wi-Fi 6E)/
영상입출력 HDMI/DP Alt Mode/웹캠(FHD)/
단자 썬더볼트4: 3개(USB-C겸용)/SD카드/
파워 배터리: 100Wh/어댑터: 140W/전원: USB-PD/최대22시간/
주요제원 두께: 16.8mm/무게: 2.14kg/쿨링팬: 2개/색상: 블랙","3,439,660"
APPLE 2024 맥북프로14 M3 8Core 10GPU 실버,"AI 노트북/운영체제(OS): macOS Sonoma/용도: 그래픽작업용/
화면정보 35.9cm(14.2인치)/3024x1964(254ppi)/1000nit/주사율: 120Hz/
CPU 애플(ARM)/M3/옥타(8)코어(4P+4E)/
NPU 애플 뉴럴엔진/18TOPS/
램 램 용량: 8GB/램 교체: 불가능/
그래픽 내장그래픽/M3/10core/
저장장치 SSD/512GB/
네트워크 무선랜: 802.11ax(Wi-Fi 6E)/
영상입출력 HDMI/DP Alt Mode/웹캠(FHD)/
단자 썬더볼트3: 2개(USB-C겸용)/SD카드/
파워 배터리: 70Wh/어댑터: 70W/전원: USB-PD/최대22시간/
주요제원 두께: 15.5mm/무게: 1.55kg/쿨링팬: 2개/색상: 실버","1,912,000"
APPLE 2024 맥북프로16 M3 Max 16Core 40GPU 블랙,"AI 노트북/운영체제(OS): macOS Sonoma/용도: 그래픽작업용/
화면정보 41.0cm(16.2인치)/3456x2234(254ppi)/1000nit/주사율: 120Hz/
CPU 애플(ARM)/M3 Max/16코어(12P+4E)/
NPU 애플 뉴럴엔진/18TOPS/
램 램 용량: 48GB/램 교체: 불가능/
그래픽 내장그래픽/M3 Max/40core/
저장장치 SSD/1TB/
네트워크 무선랜: 802.11ax(Wi-Fi 6E)/
영상입출력 HDMI/DP Alt Mode/웹캠(FHD)/
단자 썬더볼트4: 3개(USB-C겸용)/SD카드/
파워 배터리: 100Wh/어댑터: 140W/전원: USB-PD/최대22시간/
주요제원 두께: 16.8mm/무게: 2.16kg/쿨링팬: 2개/색상: 블랙","5,436,990"
APPLE 2024 맥북프로16 M3 Max 16Core 40GPU 실버,"AI 노트북/운영체제(OS): macOS Sonoma/용도: 그래픽작업용/
화면정보 41.0cm(16.2인치)/3456x2234(254ppi)/1000nit/주사율: 120Hz/
CPU 애플(ARM)/M3 Max/16코어(12P+4E)/
NPU 애플 뉴럴엔진/18TOPS/
램 램 용량: 48GB/램 교체: 불가능/
그래픽 내장그래픽/M3 Max/40core/
저장장치 SSD/1TB/
네트워크 무선랜: 802.11ax(Wi-Fi 6E)/
영상입출력 HDMI/DP Alt Mode/웹캠(FHD)/
단자 썬더볼트4: 3개(USB-C겸용)/SD카드/
파워 배터리: 100Wh/어댑터: 140W/전원: USB-PD/최대22시간/
주요제원 두께: 16.8mm/무게: 2.16kg/쿨링팬: 2개/색상: 실버","5,297,990"
APPLE 2020 맥북에어 M1 8Core 7GPU 실버,"AI 노트북/운영체제(OS): macOS Big Sur/용도: 사무/인강용, 휴대용/
화면정보 33.78cm(13.3인치)/2560x1600(WQXGA)/400nit/
CPU 애플(ARM)/M1/APL1102/옥타코어(4+4)/
NPU 애플 뉴럴엔진/11TOPS/
램 램 용량: 8GB/램 교체: 불가능/
그래픽 내장그래픽/M1/7core/
저장장치 SSD/256GB/
네트워크 무선랜: 802.11ax(Wi-Fi 6)/
영상입출력 웹캠(HD)/
단자 썬더볼트3: 2개(USB-C겸용)/
파워 배터리: 49.9Wh/어댑터: 30W/전원: USB-PD/최대18시간/
주요제원 두께: 16.1mm/무게: 1.29kg/쿨링팬: 없음(팬리스)/색상: 실버","1,141,000"
APPLE 2021 맥북프로14 M1 Pro 10Core 16GPU 실버,"AI 노트북/운영체제(OS): macOS Monterey/용도: 그래픽작업용/
화면정보 35.97cm(14.2인치)/3024x1964/1000nit/주사율: 120Hz/
CPU 애플(ARM)/M1 Pro/APL1103/10코어(8+2)/
NPU 애플 뉴럴엔진/11TOPS/
램 램 용량: 16GB/램 교체: 불가능/
그래픽 내장그래픽/M1 Pro/16core/
저장장치 SSD/1TB/
네트워크 무선랜: 802.11ax(Wi-Fi 6)/
영상입출력 HDMI/DP Alt Mode/웹캠(FHD)/
단자 썬더볼트4: 3개(USB-C겸용)/SD카드/
파워 배터리: 70Wh/어댑터: 96W/전원: USB-PD/
주요제원 두께: 15.5mm/무게: 1.6kg/쿨링팬: 2개/색상: 실버","2,020,800"
APPLE 2024 맥북에어15 M3 8Core 10GPU 그레이,"AI 노트북/운영체제(OS): macOS Sonoma/용도: 그래픽작업용/
화면정보 38.9cm(15.3인치)/2880x1864(224ppi)/500nit/
CPU 애플(ARM)/M3/옥타코어(4P+4E)/
NPU 애플 뉴럴엔진/18TOPS/
램 램 용량: 8GB/램 교체: 불가능/
그래픽 내장그래픽/M3/10core/
저장장치 SSD/256GB/
네트워크 무선랜: 802.11ax(Wi-Fi 6E)/
영상입출력 DP Alt Mode/웹캠(FHD)/
단자 썬더볼트3: 2개(USB-C겸용)/
파워 배터리: 66.5Wh/어댑터: 35W (듀얼 USB-C포트)/전원: USB-PD/최대18시간/
주요제원 두께: 11.5mm/무게: 1.51kg/쿨링팬: 없음(팬리스)/색상: 그레이","1,658,140"
APPLE 2024 맥북프로16 M3 Max 14Core 30GPU 블랙,"AI 노트북/운영체제(OS): macOS Sonoma/용도: 그래픽작업용/
화면정보 41.0cm(16.2인치)/3456x2234(254ppi)/1000nit/주사율: 120Hz/
CPU 애플(ARM)/M3 Max/14코어(10P+4E)/
NPU 애플 뉴럴엔진/18TOPS/
램 램 용량: 36GB/램 교체: 불가능/
그래픽 내장그래픽/M3 Max/30core/
저장장치 SSD/1TB/
네트워크 무선랜: 802.11ax(Wi-Fi 6E)/
영상입출력 HDMI/DP Alt Mode/웹캠(FHD)/
단자 썬더볼트4: 3개(USB-C겸용)/SD카드/
파워 배터리: 100Wh/어댑터: 140W/전원: USB-PD/최대22시간/
주요제원 두께: 16.8mm/무게: 2.16kg/쿨링팬: 2개/색상: 블랙","4,888,780"
APPLE 2024 맥북프로14 M3 Pro 12Core 18GPU 블랙,"AI 노트북/운영체제(OS): macOS Sonoma/용도: 그래픽작업용/
화면정보 35.9cm(14.2인치)/3024x1964(254ppi)/1000nit/주사율: 120Hz/
CPU 애플(ARM)/M3 Pro/12코어(6P+6E)/
NPU 애플 뉴럴엔진/18TOPS/
램 램 용량: 18GB/램 교체: 불가능/
그래픽 내장그래픽/M3 Pro/18core/
저장장치 SSD/512GB/
네트워크 무선랜: 802.11ax(Wi-Fi 6E)/
영상입출력 HDMI/DP Alt Mode/웹캠(FHD)/
단자 썬더볼트4: 3개(USB-C겸용)/SD카드/
파워 배터리: 72.4Wh/어댑터: 96W/전원: USB-PD/최대18시간/
주요제원 두께: 15.5mm/무게: 1.61kg/쿨링팬: 2개/색상: 블랙","2,844,000"
APPLE 2024 맥북에어13 M3 8Core 10GPU 블루,"AI 노트북/운영체제(OS): macOS Sonoma/용도: 그래픽작업용, 휴대용/
화면정보 34.5cm(13.6인치)/2560x1664(224ppi)/500nit/
CPU 애플(ARM)/M3/옥타코어(4P+4E)/
NPU 애플 뉴럴엔진/18TOPS/
램 램 용량: 8GB/램 교체: 불가능/
그래픽 내장그래픽/M3/10core/
저장장치 SSD/512GB/
네트워크 무선랜: 802.11ax(Wi-Fi 6E)/
영상입출력 DP Alt Mode/웹캠(FHD)/
단자 썬더볼트3: 2개(USB-C겸용)/
파워 배터리: 52.6Wh/어댑터: 35W (듀얼 USB-C포트)/전원: USB-PD/최대18시간/
주요제원 두께: 11.3mm/무게: 1.24kg/쿨링팬: 없음(팬리스)/색상: 미드나이트","1,653,450"
APPLE 2024 맥북프로14 M3 8Core 10GPU 그레이,"AI 노트북/운영체제(OS): macOS Sonoma/용도: 그래픽작업용/
화면정보 35.9cm(14.2인치)/3024x1964(254ppi)/1000nit/주사율: 120Hz/
CPU 애플(ARM)/M3/옥타(8)코어(4P+4E)/
NPU 애플 뉴럴엔진/18TOPS/
램 램 용량: 8GB/램 교체: 불가능/
그래픽 내장그래픽/M3/10core/
저장장치 SSD/512GB/
네트워크 무선랜: 802.11ax(Wi-Fi 6E)/
영상입출력 HDMI/DP Alt Mode/웹캠(FHD)/
단자 썬더볼트3: 2개(USB-C겸용)/SD카드/
파워 배터리: 70Wh/어댑터: 70W/전원: USB-PD/최대22시간/
주요제원 두께: 15.5mm/무게: 1.55kg/쿨링팬: 2개/색상: 그레이","1,792,500"
APPLE 2024 맥북에어15 M3 8Core 10GPU 블루,"AI 노트북/운영체제(OS): macOS Sonoma/용도: 그래픽작업용/
화면정보 38.9cm(15.3인치)/2880x1864(224ppi)/500nit/
CPU 애플(ARM)/M3/옥타코어(4P+4E)/
NPU 애플 뉴럴엔진/18TOPS/
램 램 용량: 8GB/램 교체: 불가능/
그래픽 내장그래픽/M3/10core/
저장장치 SSD/256GB/
네트워크 무선랜: 802.11ax(Wi-Fi 6E)/
영상입출력 DP Alt Mode/웹캠(FHD)/
단자 썬더볼트3: 2개(USB-C겸용)/
파워 배터리: 66.5Wh/어댑터: 35W (듀얼 USB-C포트)/전원: USB-PD/최대18시간/
주요제원 두께: 11.5mm/무게: 1.51kg/쿨링팬: 없음(팬리스)/색상: 미드나이트","1,637,990"
APPLE 2024 맥북에어15 M3 8Core 10GPU 실버,"AI 노트북/운영체제(OS): macOS Sonoma/용도: 그래픽작업용/
화면정보 38.9cm(15.3인치)/2880x1864(224ppi)/500nit/
CPU 애플(ARM)/M3/옥타코어(4P+4E)/
NPU 애플 뉴럴엔진/18TOPS/
램 램 용량: 8GB/램 교체: 불가능/
그래픽 내장그래픽/M3/10core/
저장장치 SSD/256GB/
네트워크 무선랜: 802.11ax(Wi-Fi 6E)/
영상입출력 DP Alt Mode/웹캠(FHD)/
단자 썬더볼트3: 2개(USB-C겸용)/
파워 배터리: 66.5Wh/어댑터: 35W (듀얼 USB-C포트)/전원: USB-PD/최대18시간/
주요제원 두께: 11.5mm/무게: 1.51kg/쿨링팬: 없음(팬리스)/색상: 실버","1,568,670"
APPLE 2024 맥북에어13 M3 8Core 10GPU 그레이,"AI 노트북/운영체제(OS): macOS Sonoma/용도: 그래픽작업용, 휴대용/
화면정보 34.5cm(13.6인치)/2560x1664(224ppi)/500nit/
CPU 애플(ARM)/M3/옥타코어(4P+4E)/
NPU 애플 뉴럴엔진/18TOPS/
램 램 용량: 8GB/램 교체: 불가능/
그래픽 내장그래픽/M3/10core/
저장장치 SSD/512GB/
네트워크 무선랜: 802.11ax(Wi-Fi 6E)/
영상입출력 DP Alt Mode/웹캠(FHD)/
단자 썬더볼트3: 2개(USB-C겸용)/
파워 배터리: 52.6Wh/어댑터: 35W (듀얼 USB-C포트)/전원: USB-PD/최대18시간/
주요제원 두께: 11.3mm/무게: 1.24kg/쿨링팬: 없음(팬리스)/색상: 그레이","1,600,800"
APPLE 2024 맥북에어13 M3 8Core 10GPU 실버,"AI 노트북/운영체제(OS): macOS Sonoma/용도: 그래픽작업용, 휴대용/
화면정보 34.5cm(13.6인치)/2560x1664(224ppi)/500nit/
CPU 애플(ARM)/M3/옥타코어(4P+4E)/
NPU 애플 뉴럴엔진/18TOPS/
램 램 용량: 8GB/램 교체: 불가능/
그래픽 내장그래픽/M3/10core/
저장장치 SSD/512GB/
네트워크 무선랜: 802.11ax(Wi-Fi 6E)/
영상입출력 DP Alt Mode/웹캠(FHD)/
단자 썬더볼트3: 2개(USB-C겸용)/
파워 배터리: 52.6Wh/어댑터: 35W (듀얼 USB-C포트)/전원: USB-PD/최대18시간/
주요제원 두께: 11.3mm/무게: 1.24kg/쿨링팬: 없음(팬리스)/색상: 실버","1,618,280"
APPLE 2024 맥북에어13 M3 8Core 10GPU 골드,"AI 노트북/운영체제(OS): macOS Sonoma/용도: 그래픽작업용, 휴대용/
화면정보 34.5cm(13.6인치)/2560x1664(224ppi)/500nit/
CPU 애플(ARM)/M3/옥타코어(4P+4E)/
NPU 애플 뉴럴엔진/18TOPS/
램 램 용량: 8GB/램 교체: 불가능/
그래픽 내장그래픽/M3/10core/
저장장치 SSD/512GB/
네트워크 무선랜: 802.11ax(Wi-Fi 6E)/
영상입출력 DP Alt Mode/웹캠(FHD)/
단자 썬더볼트3: 2개(USB-C겸용)/
파워 배터리: 52.6Wh/어댑터: 35W (듀얼 USB-C포트)/전원: USB-PD/최대18시간/
주요제원 두께: 11.3mm/무게: 1.24kg/쿨링팬: 없음(팬리스)/색상: 스타라이트","1,543,790"
APPLE 2021 맥북프로16 M1 Pro 10Core 16GPU 그레이,"AI 노트북/운영체제(OS): macOS Monterey/용도: 그래픽작업용/
화면정보 41.05cm(16.2인치)/3456x2234/1000nit/주사율: 120Hz/
CPU 애플(ARM)/M1 Pro/APL1103/10코어(8+2)/
NPU 애플 뉴럴엔진/11TOPS/
램 램 용량: 16GB/램 교체: 불가능/
그래픽 내장그래픽/M1 Pro/16core/
저장장치 SSD/512GB/
네트워크 무선랜: 802.11ax(Wi-Fi 6)/
영상입출력 HDMI/DP Alt Mode/웹캠(FHD)/
단자 썬더볼트4: 3개(USB-C겸용)/SD카드/
파워 배터리: 100Wh/어댑터: 140W/전원: USB-PD/
주요제원 두께: 16.8mm/무게: 2.1kg/쿨링팬: 2개/색상: 그레이","2,489,910"
APPLE 2022 맥북에어13 M2 8Core 10GPU 실버,"AI 노트북/운영체제(OS): macOS Monterey/용도: 그래픽작업용, 휴대용/
화면정보 34.5cm(13.6인치)/2560x1664(224ppi)/500nit/
CPU 애플(ARM)/M2/옥타코어(4P+4E)/
NPU 애플 뉴럴엔진/15.8TOPS/
램 램 용량: 8GB/램 교체: 불가능/
그래픽 내장그래픽/M2/10core/
저장장치 SSD/512GB/
네트워크 무선랜: 802.11ax(Wi-Fi 6)/
영상입출력 DP Alt Mode/웹캠(FHD)/
단자 썬더볼트3: 2개(USB-C겸용)/
파워 배터리: 52.6Wh/어댑터: 35W (듀얼 USB-C포트)/전원: USB-PD/최대18시간/
주요제원 두께: 11.3mm/무게: 1.24kg/쿨링팬: 없음(팬리스)/색상: 실버","1,416,800"
APPLE 2024 맥북에어13 M3 8Core 8GPU 골드,"AI 노트북/운영체제(OS): macOS Sonoma/용도: 그래픽작업용, 휴대용/
화면정보 34.5cm(13.6인치)/2560x1664(224ppi)/500nit/
CPU 애플(ARM)/M3/옥타코어(4P+4E)/
NPU 애플 뉴럴엔진/18TOPS/
램 램 용량: 8GB/램 교체: 불가능/
그래픽 내장그래픽/M3/8core/
저장장치 SSD/256GB/
네트워크 무선랜: 802.11ax(Wi-Fi 6E)/
영상입출력 DP Alt Mode/웹캠(FHD)/
단자 썬더볼트3: 2개(USB-C겸용)/
파워 배터리: 52.6Wh/어댑터: 30W/전원: USB-PD/최대18시간/
주요제원 두께: 11.3mm/무게: 1.24kg/쿨링팬: 없음(팬리스)/색상: 스타라이트","1,376,150"
APPLE 2022 맥북에어13 M2 8Core 10GPU 그레이,"AI 노트북/운영체제(OS): macOS Monterey/용도: 그래픽작업용, 휴대용/
화면정보 34.5cm(13.6인치)/2560x1664(224ppi)/500nit/
CPU 애플(ARM)/M2/옥타코어(4P+4E)/
NPU 애플 뉴럴엔진/15.8TOPS/
램 램 용량: 8GB/램 교체: 불가능/
그래픽 내장그래픽/M2/10core/
저장장치 SSD/512GB/
네트워크 무선랜: 802.11ax(Wi-Fi 6)/
영상입출력 DP Alt Mode/웹캠(FHD)/
단자 썬더볼트3: 2개(USB-C겸용)/
파워 배터리: 52.6Wh/어댑터: 35W (듀얼 USB-C포트)/전원: USB-PD/최대18시간/
주요제원 두께: 11.3mm/무게: 1.24kg/쿨링팬: 없음(팬리스)/색상: 그레이","1,318,000"
APPLE 2021 맥북프로14 M1 Pro 8Core 14GPU 그레이,"AI 노트북/운영체제(OS): macOS Monterey/용도: 그래픽작업용/
화면정보 35.97cm(14.2인치)/3024x1964/1000nit/주사율: 120Hz/
CPU 애플(ARM)/M1 Pro/APL1103/옥타코어(6+2)/
NPU 애플 뉴럴엔진/11TOPS/
램 램 용량: 16GB/램 교체: 불가능/
그래픽 내장그래픽/M1 Pro/14core/
저장장치 SSD/512GB/
네트워크 무선랜: 802.11ax(Wi-Fi 6)/
영상입출력 HDMI/DP Alt Mode/웹캠(FHD)/
단자 썬더볼트4: 3개(USB-C겸용)/SD카드/
파워 배터리: 70Wh/어댑터: 67W/전원: USB-PD/
주요제원 두께: 15.5mm/무게: 1.6kg/쿨링팬: 2개/색상: 그레이","2,175,000"
APPLE 2024 맥북에어15 M3 8Core 10GPU 골드,"AI 노트북/운영체제(OS): macOS Sonoma/용도: 그래픽작업용/
화면정보 38.9cm(15.3인치)/2880x1864(224ppi)/500nit/
CPU 애플(ARM)/M3/옥타코어(4P+4E)/
NPU 애플 뉴럴엔진/18TOPS/
램 램 용량: 8GB/램 교체: 불가능/
그래픽 내장그래픽/M3/10core/
저장장치 SSD/256GB/
네트워크 무선랜: 802.11ax(Wi-Fi 6E)/
영상입출력 DP Alt Mode/웹캠(FHD)/
단자 썬더볼트3: 2개(USB-C겸용)/
파워 배터리: 66.5Wh/어댑터: 35W (듀얼 USB-C포트)/전원: USB-PD/최대18시간/
주요제원 두께: 11.5mm/무게: 1.51kg/쿨링팬: 없음(팬리스)/색상: 스타라이트","1,739,960"
APPLE 2025 맥북프로16 M4 Pro 14core 20GPU 실버,"AI 노트북/운영체제(OS): macOS Sequoia/용도: 그래픽작업용/
화면정보 41.0cm(16.2인치)/3456x2234(254ppi)/1000nit/주사율: 120Hz/
CPU 애플(ARM)/M4 Pro/14코어(10P+4E)/
NPU 애플 뉴럴엔진/38TOPS/
램 램 용량: 24GB/램 교체: 불가능/
그래픽 내장그래픽/M4 Pro/20core/
저장장치 SSD/512GB/
네트워크 무선랜: 802.11ax(Wi-Fi 6E)/
영상입출력 HDMI/DP Alt Mode/웹캠(FHD)/
단자 썬더볼트5: 3개(USB-C겸용)/SD카드/
파워 배터리: 100Wh/어댑터: 140W/전원: USB-PD/최대24시간/
주요제원 두께: 16.8mm/무게: 2.14kg/쿨링팬: 2개/색상: 실버",출시예정
APPLE 2022 맥북에어13 M2 8Core 8GPU 그레이,"AI 노트북/운영체제(OS): macOS Monterey/용도: 그래픽작업용, 휴대용/
화면정보 34.5cm(13.6인치)/2560x1664(224ppi)/500nit/
CPU 애플(ARM)/M2/옥타코어(4P+4E)/
NPU 애플 뉴럴엔진/15.8TOPS/
램 램 용량: 8GB/램 교체: 불가능/
그래픽 내장그래픽/M2/8core/
저장장치 SSD/256GB/
네트워크 무선랜: 802.11ax(Wi-Fi 6)/
영상입출력 DP Alt Mode/웹캠(FHD)/
단자 썬더볼트3: 2개(USB-C겸용)/
파워 배터리: 52.6Wh/어댑터: 30W/전원: USB-PD/최대18시간/
주요제원 두께: 11.3mm/무게: 1.24kg/쿨링팬: 없음(팬리스)/색상: 그레이","1,188,160"
APPLE 2024 맥북에어13 M3 8Core 8GPU 그레이,"AI 노트북/운영체제(OS): macOS Sonoma/용도: 그래픽작업용, 휴대용/
화면정보 34.5cm(13.6인치)/2560x1664(224ppi)/500nit/
CPU 애플(ARM)/M3/옥타코어(4P+4E)/
NPU 애플 뉴럴엔진/18TOPS/
램 램 용량: 8GB/램 교체: 불가능/
그래픽 내장그래픽/M3/8core/
저장장치 SSD/256GB/
네트워크 무선랜: 802.11ax(Wi-Fi 6E)/
영상입출력 DP Alt Mode/웹캠(FHD)/
단자 썬더볼트3: 2개(USB-C겸용)/
파워 배터리: 52.6Wh/어댑터: 30W/전원: USB-PD/최대18시간/
주요제원 두께: 11.3mm/무게: 1.24kg/쿨링팬: 없음(팬리스)/색상: 그레이","1,346,870"
APPLE 2025 맥북프로16 M4 Max 16core 40GPU 실버,"AI 노트북/운영체제(OS): macOS Sequoia/용도: 그래픽작업용/
화면정보 41.0cm(16.2인치)/3456x2234(254ppi)/1000nit/주사율: 120Hz/
CPU 애플(ARM)/M4 Max/16코어(12P+4E)/
NPU 애플 뉴럴엔진/38TOPS/
램 램 용량: 48GB/램 교체: 불가능/
그래픽 내장그래픽/M4 Max/40core/
저장장치 SSD/1TB/
네트워크 무선랜: 802.11ax(Wi-Fi 6E)/
영상입출력 HDMI/DP Alt Mode/웹캠(FHD)/
단자 썬더볼트5: 3개(USB-C겸용)/SD카드/
파워 배터리: 100Wh/어댑터: 140W/전원: USB-PD/최대21시간/
주요제원 두께: 16.8mm/무게: 2.15kg/쿨링팬: 2개/색상: 실버",출시예정
APPLE 2021 맥북프로14 M1 Pro 8Core 14GPU 실버,"AI 노트북/운영체제(OS): macOS Monterey/용도: 그래픽작업용/
화면정보 35.97cm(14.2인치)/3024x1964/1000nit/주사율: 120Hz/
CPU 애플(ARM)/M1 Pro/APL1103/옥타코어(6+2)/
NPU 애플 뉴럴엔진/11TOPS/
램 램 용량: 16GB/램 교체: 불가능/
그래픽 내장그래픽/M1 Pro/14core/
저장장치 SSD/512GB/
네트워크 무선랜: 802.11ax(Wi-Fi 6)/
영상입출력 HDMI/DP Alt Mode/웹캠(FHD)/
단자 썬더볼트4: 3개(USB-C겸용)/SD카드/
파워 배터리: 70Wh/어댑터: 67W/전원: USB-PD/
주요제원 두께: 15.5mm/무게: 1.6kg/쿨링팬: 2개/색상: 실버","2,447,380"
APPLE 2024 맥북프로16 M3 Pro 12Core 18GPU 실버,"AI 노트북/운영체제(OS): macOS Sonoma/용도: 그래픽작업용/
화면정보 41.0cm(16.2인치)/3456x2234(254ppi)/1000nit/주사율: 120Hz/
CPU 애플(ARM)/M3 Pro/12코어(6P+6E)/
NPU 애플 뉴럴엔진/18TOPS/
램 램 용량: 18GB/램 교체: 불가능/
그래픽 내장그래픽/M3 Pro/18core/
저장장치 SSD/512GB/
네트워크 무선랜: 802.11ax(Wi-Fi 6E)/
영상입출력 HDMI/DP Alt Mode/웹캠(FHD)/
단자 썬더볼트4: 3개(USB-C겸용)/SD카드/
파워 배터리: 100Wh/어댑터: 140W/전원: USB-PD/최대22시간/
주요제원 두께: 16.8mm/무게: 2.14kg/쿨링팬: 2개/색상: 실버","3,394,790"
APPLE 2020 맥북에어 M1 8Core 7GPU 그레이,"AI 노트북/운영체제(OS): macOS Big Sur/용도: 사무/인강용, 휴대용/
화면정보 33.78cm(13.3인치)/2560x1600(WQXGA)/400nit/
CPU 애플(ARM)/M1/APL1102/옥타코어(4+4)/
NPU 애플 뉴럴엔진/11TOPS/
램 램 용량: 8GB/램 교체: 불가능/
그래픽 내장그래픽/M1/7core/
저장장치 SSD/256GB/
네트워크 무선랜: 802.11ax(Wi-Fi 6)/
영상입출력 웹캠(HD)/
단자 썬더볼트3: 2개(USB-C겸용)/
파워 배터리: 49.9Wh/어댑터: 30W/전원: USB-PD/최대18시간/
주요제원 두께: 16.1mm/무게: 1.29kg/쿨링팬: 없음(팬리스)/색상: 그레이","1,199,700"
APPLE 2025 맥북프로14 M4 10core 10GPU 블랙,"AI 노트북/운영체제(OS): macOS Sequoia/용도: 그래픽작업용/
화면정보 35.9cm(14.2인치)/3024x1964(254ppi)/1000nit/주사율: 120Hz/
CPU 애플(ARM)/M4/10코어(4P+6E)/
NPU 애플 뉴럴엔진/38TOPS/
램 램 용량: 16GB/램 교체: 불가능/
그래픽 내장그래픽/M4/10core/
저장장치 SSD/512GB/
네트워크 무선랜: 802.11ax(Wi-Fi 6E)/
영상입출력 HDMI/DP Alt Mode/웹캠(FHD)/
단자 썬더볼트4: 3개(USB-C겸용)/SD카드/
파워 배터리: 72.4Wh/어댑터: 70W/전원: USB-PD/최대24시간/
주요제원 두께: 15.5mm/무게: 1.55kg/쿨링팬: 2개/색상: 블랙",출시예정
APPLE 2024 맥북프로14 M3 Pro 12Core 18GPU 실버,"AI 노트북/운영체제(OS): macOS Sonoma/용도: 그래픽작업용/
화면정보 35.9cm(14.2인치)/3024x1964(254ppi)/1000nit/주사율: 120Hz/
CPU 애플(ARM)/M3 Pro/12코어(6P+6E)/
NPU 애플 뉴럴엔진/18TOPS/
램 램 용량: 18GB/램 교체: 불가능/
그래픽 내장그래픽/M3 Pro/18core/
저장장치 SSD/512GB/
네트워크 무선랜: 802.11ax(Wi-Fi 6E)/
영상입출력 HDMI/DP Alt Mode/웹캠(FHD)/
단자 썬더볼트4: 3개(USB-C겸용)/SD카드/
파워 배터리: 72.4Wh/어댑터: 96W/전원: USB-PD/최대18시간/
주요제원 두께: 15.5mm/무게: 1.61kg/쿨링팬: 2개/색상: 실버","3,080,000"
APPLE 2024 맥북에어13 M3 8Core 8GPU 실버,"AI 노트북/운영체제(OS): macOS Sonoma/용도: 그래픽작업용, 휴대용/
화면정보 34.5cm(13.6인치)/2560x1664(224ppi)/500nit/
CPU 애플(ARM)/M3/옥타코어(4P+4E)/
NPU 애플 뉴럴엔진/18TOPS/
램 램 용량: 8GB/램 교체: 불가능/
그래픽 내장그래픽/M3/8core/
저장장치 SSD/256GB/
네트워크 무선랜: 802.11ax(Wi-Fi 6E)/
영상입출력 DP Alt Mode/웹캠(FHD)/
단자 썬더볼트3: 2개(USB-C겸용)/
파워 배터리: 52.6Wh/어댑터: 30W/전원: USB-PD/최대18시간/
주요제원 두께: 11.3mm/무게: 1.24kg/쿨링팬: 없음(팬리스)/색상: 실버","1,319,680"
APPLE 2025 맥북프로14 M4 Pro 12core 16GPU 블랙,"AI 노트북/운영체제(OS): macOS Sequoia/용도: 그래픽작업용/
화면정보 35.9cm(14.2인치)/3024x1964(254ppi)/1000nit/주사율: 120Hz/
CPU 애플(ARM)/M4 Pro/12코어(8P+4E)/
NPU 애플 뉴럴엔진/38TOPS/
램 램 용량: 24GB/램 교체: 불가능/
그래픽 내장그래픽/M4 Pro/16core/
저장장치 SSD/512GB/
네트워크 무선랜: 802.11ax(Wi-Fi 6E)/
영상입출력 HDMI/DP Alt Mode/웹캠(FHD)/
단자 썬더볼트5: 3개(USB-C겸용)/SD카드/
파워 배터리: 72.4Wh/어댑터: 70W/전원: USB-PD/최대22시간/
주요제원 두께: 15.5mm/무게: 1.6kg/쿨링팬: 2개/색상: 블랙",출시예정
APPLE 2025 맥북프로14 M4 10core 10GPU 실버,"AI 노트북/운영체제(OS): macOS Sequoia/용도: 그래픽작업용/
화면정보 35.9cm(14.2인치)/3024x1964(254ppi)/1000nit/주사율: 120Hz/
CPU 애플(ARM)/M4/10코어(4P+6E)/
NPU 애플 뉴럴엔진/38TOPS/
램 램 용량: 16GB/램 교체: 불가능/
그래픽 내장그래픽/M4/10core/
저장장치 SSD/512GB/
네트워크 무선랜: 802.11ax(Wi-Fi 6E)/
영상입출력 HDMI/DP Alt Mode/웹캠(FHD)/
단자 썬더볼트4: 3개(USB-C겸용)/SD카드/
파워 배터리: 72.4Wh/어댑터: 70W/전원: USB-PD/최대24시간/
주요제원 두께: 15.5mm/무게: 1.55kg/쿨링팬: 2개/색상: 실버",출시예정
APPLE 2024 맥북프로14 M3 Pro 11Core 14GPU 실버,"AI 노트북/운영체제(OS): macOS Sonoma/용도: 그래픽작업용/
화면정보 35.9cm(14.2인치)/3024x1964(254ppi)/1000nit/주사율: 120Hz/
CPU 애플(ARM)/M3 Pro/11코어(5P+6E)/
NPU 애플 뉴럴엔진/18TOPS/
램 램 용량: 18GB/램 교체: 불가능/
그래픽 내장그래픽/M3 Pro/14core/
저장장치 SSD/512GB/
네트워크 무선랜: 802.11ax(Wi-Fi 6E)/
영상입출력 HDMI/DP Alt Mode/웹캠(FHD)/
단자 썬더볼트4: 3개(USB-C겸용)/SD카드/
파워 배터리: 72.4Wh/어댑터: 70W/전원: USB-PD/최대18시간/
주요제원 두께: 15.5mm/무게: 1.61kg/쿨링팬: 2개/색상: 실버","2,749,990"
APPLE 2025 맥북프로14 M4 Max 14core 32GPU 블랙,"AI 노트북/운영체제(OS): macOS Sequoia/용도: 그래픽작업용/
화면정보 35.9cm(14.2인치)/3024x1964(254ppi)/1000nit/주사율: 120Hz/
CPU 애플(ARM)/M4 Max/14코어(10P+4E)/
NPU 애플 뉴럴엔진/38TOPS/
램 램 용량: 36GB/램 교체: 불가능/
그래픽 내장그래픽/M4 Max/32core/
저장장치 SSD/1TB/
네트워크 무선랜: 802.11ax(Wi-Fi 6E)/
영상입출력 HDMI/DP Alt Mode/웹캠(FHD)/
단자 썬더볼트5: 3개(USB-C겸용)/SD카드/
파워 배터리: 72.4Wh/어댑터: 96W/전원: USB-PD/최대18시간/
주요제원 두께: 15.5mm/무게: 1.62kg/쿨링팬: 2개/색상: 블랙",출시예정
APPLE 2025 맥북프로16 M4 Pro 14core 20GPU 블랙,"AI 노트북/운영체제(OS): macOS Sequoia/용도: 그래픽작업용/
화면정보 41.0cm(16.2인치)/3456x2234(254ppi)/1000nit/주사율: 120Hz/
CPU 애플(ARM)/M4 Pro/14코어(10P+4E)/
NPU 애플 뉴럴엔진/38TOPS/
램 램 용량: 24GB/램 교체: 불가능/
그래픽 내장그래픽/M4 Pro/20core/
저장장치 SSD/512GB/
네트워크 무선랜: 802.11ax(Wi-Fi 6E)/
영상입출력 HDMI/DP Alt Mode/웹캠(FHD)/
단자 썬더볼트5: 3개(USB-C겸용)/SD카드/
파워 배터리: 100Wh/어댑터: 140W/전원: USB-PD/최대24시간/
주요제원 두께: 16.8mm/무게: 2.14kg/쿨링팬: 2개/색상: 블랙",출시예정
APPLE 2021 맥북프로16 M1 Max 10Core 32GPU 그레이,"AI 노트북/운영체제(OS): macOS Monterey/용도: 그래픽작업용/
화면정보 41.05cm(16.2인치)/3456x2234/1000nit/주사율: 120Hz/
CPU 애플(ARM)/M1 Max/APL1104/10코어(8+2)/
NPU 애플 뉴럴엔진/11TOPS/
램 램 용량: 32GB/램 교체: 불가능/
그래픽 내장그래픽/M1 Max/32core/
저장장치 SSD/1TB/
네트워크 무선랜: 802.11ax(Wi-Fi 6)/
영상입출력 HDMI/DP Alt Mode/웹캠(FHD)/
단자 썬더볼트4: 3개(USB-C겸용)/SD카드/
파워 배터리: 100Wh/어댑터: 140W/전원: USB-PD/
주요제원 두께: 16.8mm/무게: 2.2kg/쿨링팬: 2개/색상: 그레이","4,989,990"
APPLE 2024 맥북프로14 M3 Max 14Core 30GPU 블랙,"AI 노트북/운영체제(OS): macOS Sonoma/용도: 그래픽작업용/
화면정보 35.9cm(14.2인치)/3024x1964(254ppi)/1000nit/주사율: 120Hz/
CPU 애플(ARM)/M3 Max/14코어(10P+4E)/
NPU 애플 뉴럴엔진/18TOPS/
램 램 용량: 36GB/램 교체: 불가능/
그래픽 내장그래픽/M3 Max/30core/
저장장치 SSD/512GB/
네트워크 무선랜: 802.11ax(Wi-Fi 6E)/
영상입출력 HDMI/DP Alt Mode/웹캠(FHD)/
단자 썬더볼트4: 3개(USB-C겸용)/SD카드/
파워 배터리: 72.4Wh/어댑터: 96W/전원: USB-PD/최대18시간/
주요제원 두께: 15.5mm/무게: 1.62kg/쿨링팬: 2개/색상: 블랙","4,264,640"
APPLE 2025 맥북프로16 M4 Max 16core 40GPU 블랙,"AI 노트북/운영체제(OS): macOS Sequoia/용도: 그래픽작업용/
화면정보 41.0cm(16.2인치)/3456x2234(254ppi)/1000nit/주사율: 120Hz/
CPU 애플(ARM)/M4 Max/16코어(12P+4E)/
NPU 애플 뉴럴엔진/38TOPS/
램 램 용량: 48GB/램 교체: 불가능/
그래픽 내장그래픽/M4 Max/40core/
저장장치 SSD/1TB/
네트워크 무선랜: 802.11ax(Wi-Fi 6E)/
영상입출력 HDMI/DP Alt Mode/웹캠(FHD)/
단자 썬더볼트5: 3개(USB-C겸용)/SD카드/
파워 배터리: 100Wh/어댑터: 140W/전원: USB-PD/최대21시간/
주요제원 두께: 16.8mm/무게: 2.15kg/쿨링팬: 2개/색상: 블랙",출시예정
APPLE 2025 맥북프로14 M4 Max 14core 32GPU 실버,"AI 노트북/운영체제(OS): macOS Sequoia/용도: 그래픽작업용/
화면정보 35.9cm(14.2인치)/3024x1964(254ppi)/1000nit/주사율: 120Hz/
CPU 애플(ARM)/M4 Max/14코어(10P+4E)/
NPU 애플 뉴럴엔진/38TOPS/
램 램 용량: 36GB/램 교체: 불가능/
그래픽 내장그래픽/M4 Max/32core/
저장장치 SSD/1TB/
네트워크 무선랜: 802.11ax(Wi-Fi 6E)/
영상입출력 HDMI/DP Alt Mode/웹캠(FHD)/
단자 썬더볼트5: 3개(USB-C겸용)/SD카드/
파워 배터리: 72.4Wh/어댑터: 96W/전원: USB-PD/최대18시간/
주요제원 두께: 15.5mm/무게: 1.62kg/쿨링팬: 2개/색상: 실버",출시예정
APPLE 2025 맥북프로14 M4 Pro 14core 20GPU 블랙,"AI 노트북/운영체제(OS): macOS Sequoia/용도: 그래픽작업용/
화면정보 35.9cm(14.2인치)/3024x1964(254ppi)/1000nit/주사율: 120Hz/
CPU 애플(ARM)/M4 Pro/14코어(10P+4E)/
NPU 애플 뉴럴엔진/38TOPS/
램 램 용량: 24GB/램 교체: 불가능/
그래픽 내장그래픽/M4 Pro/20core/
저장장치 SSD/1TB/
네트워크 무선랜: 802.11ax(Wi-Fi 6E)/
영상입출력 HDMI/DP Alt Mode/웹캠(FHD)/
단자 썬더볼트5: 3개(USB-C겸용)/SD카드/
파워 배터리: 72.4Wh/어댑터: 96W/전원: USB-PD/최대22시간/
주요제원 두께: 15.5mm/무게: 1.6kg/쿨링팬: 2개/색상: 블랙",출시예정
APPLE 2025 맥북프로14 M4 Pro 14core 20GPU 실버,"AI 노트북/운영체제(OS): macOS Sequoia/용도: 그래픽작업용/
화면정보 35.9cm(14.2인치)/3024x1964(254ppi)/1000nit/주사율: 120Hz/
CPU 애플(ARM)/M4 Pro/14코어(10P+4E)/
NPU 애플 뉴럴엔진/38TOPS/
램 램 용량: 24GB/램 교체: 불가능/
그래픽 내장그래픽/M4 Pro/20core/
저장장치 SSD/1TB/
네트워크 무선랜: 802.11ax(Wi-Fi 6E)/
영상입출력 HDMI/DP Alt Mode/웹캠(FHD)/
단자 썬더볼트5: 3개(USB-C겸용)/SD카드/
파워 배터리: 72.4Wh/어댑터: 96W/전원: USB-PD/최대22시간/
주요제원 두께: 15.5mm/무게: 1.6kg/쿨링팬: 2개/색상: 실버",출시예정
APPLE 2025 맥북프로16 M4 Max 14core 32GPU 블랙,"AI 노트북/운영체제(OS): macOS Sequoia/용도: 그래픽작업용/
화면정보 41.0cm(16.2인치)/3456x2234(254ppi)/1000nit/주사율: 120Hz/
CPU 애플(ARM)/M4 Max/14코어(10P+4E)/
NPU 애플 뉴럴엔진/38TOPS/
램 램 용량: 36GB/램 교체: 불가능/
그래픽 내장그래픽/M4 Max/32core/
저장장치 SSD/1TB/
네트워크 무선랜: 802.11ax(Wi-Fi 6E)/
영상입출력 HDMI/DP Alt Mode/웹캠(FHD)/
단자 썬더볼트5: 3개(USB-C겸용)/SD카드/
파워 배터리: 100Wh/어댑터: 140W/전원: USB-PD/최대21시간/
주요제원 두께: 16.8mm/무게: 2.15kg/쿨링팬: 2개/색상: 블랙",출시예정
APPLE 2025 맥북프로14 M4 Pro 12core 16GPU 실버,"AI 노트북/운영체제(OS): macOS Sequoia/용도: 그래픽작업용/
화면정보 35.9cm(14.2인치)/3024x1964(254ppi)/1000nit/주사율: 120Hz/
CPU 애플(ARM)/M4 Pro/12코어(8P+4E)/
NPU 애플 뉴럴엔진/38TOPS/
램 램 용량: 24GB/램 교체: 불가능/
그래픽 내장그래픽/M4 Pro/16core/
저장장치 SSD/512GB/
네트워크 무선랜: 802.11ax(Wi-Fi 6E)/
영상입출력 HDMI/DP Alt Mode/웹캠(FHD)/
단자 썬더볼트5: 3개(USB-C겸용)/SD카드/
파워 배터리: 72.4Wh/어댑터: 70W/전원: USB-PD/최대22시간/
주요제원 두께: 15.5mm/무게: 1.6kg/쿨링팬: 2개/색상: 실버",출시예정
APPLE 2024 맥북에어13 M3 8Core 8GPU 블루,"AI 노트북/운영체제(OS): macOS Sonoma/용도: 그래픽작업용, 휴대용/
화면정보 34.5cm(13.6인치)/2560x1664(224ppi)/500nit/
CPU 애플(ARM)/M3/옥타코어(4P+4E)/
NPU 애플 뉴럴엔진/18TOPS/
램 램 용량: 8GB/램 교체: 불가능/
그래픽 내장그래픽/M3/8core/
저장장치 SSD/256GB/
네트워크 무선랜: 802.11ax(Wi-Fi 6E)/
영상입출력 DP Alt Mode/웹캠(FHD)/
단자 썬더볼트3: 2개(USB-C겸용)/
파워 배터리: 52.6Wh/어댑터: 30W/전원: USB-PD/최대18시간/
주요제원 두께: 11.3mm/무게: 1.24kg/쿨링팬: 없음(팬리스)/색상: 미드나이트","1,389,630"
APPLE 2025 맥북프로16 M4 Max 14core 32GPU 실버,"AI 노트북/운영체제(OS): macOS Sequoia/용도: 그래픽작업용/
화면정보 41.0cm(16.2인치)/3456x2234(254ppi)/1000nit/주사율: 120Hz/
CPU 애플(ARM)/M4 Max/14코어(10P+4E)/
NPU 애플 뉴럴엔진/38TOPS/
램 램 용량: 36GB/램 교체: 불가능/
그래픽 내장그래픽/M4 Max/32core/
저장장치 SSD/1TB/
네트워크 무선랜: 802.11ax(Wi-Fi 6E)/
영상입출력 HDMI/DP Alt Mode/웹캠(FHD)/
단자 썬더볼트5: 3개(USB-C겸용)/SD카드/
파워 배터리: 100Wh/어댑터: 140W/전원: USB-PD/최대21시간/
주요제원 두께: 16.8mm/무게: 2.15kg/쿨링팬: 2개/색상: 실버",출시예정
APPLE 2024 맥북프로14 M3 Max 14Core 30GPU 실버,"AI 노트북/운영체제(OS): macOS Sonoma/용도: 그래픽작업용/
화면정보 35.9cm(14.2인치)/3024x1964(254ppi)/1000nit/주사율: 120Hz/
CPU 애플(ARM)/M3 Max/14코어(10P+4E)/
NPU 애플 뉴럴엔진/18TOPS/
램 램 용량: 36GB/램 교체: 불가능/
그래픽 내장그래픽/M3 Max/30core/
저장장치 SSD/512GB/
네트워크 무선랜: 802.11ax(Wi-Fi 6E)/
영상입출력 HDMI/DP Alt Mode/웹캠(FHD)/
단자 썬더볼트4: 3개(USB-C겸용)/SD카드/
파워 배터리: 72.4Wh/어댑터: 96W/전원: USB-PD/최대18시간/
주요제원 두께: 15.5mm/무게: 1.62kg/쿨링팬: 2개/색상: 실버","4,264,640"
APPLE 2022 맥북에어13 M2 8Core 10GPU 블루,"AI 노트북/운영체제(OS): macOS Monterey/용도: 그래픽작업용, 휴대용/
화면정보 34.5cm(13.6인치)/2560x1664(224ppi)/500nit/
CPU 애플(ARM)/M2/옥타코어(4P+4E)/
NPU 애플 뉴럴엔진/15.8TOPS/
램 램 용량: 8GB/램 교체: 불가능/
그래픽 내장그래픽/M2/10core/
저장장치 SSD/512GB/
네트워크 무선랜: 802.11ax(Wi-Fi 6)/
영상입출력 DP Alt Mode/웹캠(FHD)/
단자 썬더볼트3: 2개(USB-C겸용)/
파워 배터리: 52.6Wh/어댑터: 35W (듀얼 USB-C포트)/전원: USB-PD/최대18시간/
주요제원 두께: 11.3mm/무게: 1.24kg/쿨링팬: 없음(팬리스)/색상: 미드나이트","1,317,990"
APPLE 2024 맥북프로16 M3 Max 14Core 30GPU 실버,"AI 노트북/운영체제(OS): macOS Sonoma/용도: 그래픽작업용/
화면정보 41.0cm(16.2인치)/3456x2234(254ppi)/1000nit/주사율: 120Hz/
CPU 애플(ARM)/M3 Max/14코어(10P+4E)/
NPU 애플 뉴럴엔진/18TOPS/
램 램 용량: 36GB/램 교체: 불가능/
그래픽 내장그래픽/M3 Max/30core/
저장장치 SSD/1TB/
네트워크 무선랜: 802.11ax(Wi-Fi 6E)/
영상입출력 HDMI/DP Alt Mode/웹캠(FHD)/
단자 썬더볼트4: 3개(USB-C겸용)/SD카드/
파워 배터리: 100Wh/어댑터: 140W/전원: USB-PD/최대22시간/
주요제원 두께: 16.8mm/무게: 2.16kg/쿨링팬: 2개/색상: 실버","5,150,000"
APPLE 2022 맥북에어13 M2 8Core 8GPU 블루,"AI 노트북/운영체제(OS): macOS Monterey/용도: 그래픽작업용, 휴대용/
화면정보 34.5cm(13.6인치)/2560x1664(224ppi)/500nit/
CPU 애플(ARM)/M2/옥타코어(4P+4E)/
NPU 애플 뉴럴엔진/15.8TOPS/
램 램 용량: 8GB/램 교체: 불가능/
그래픽 내장그래픽/M2/8core/
저장장치 SSD/256GB/
네트워크 무선랜: 802.11ax(Wi-Fi 6)/
영상입출력 DP Alt Mode/웹캠(FHD)/
단자 썬더볼트3: 2개(USB-C겸용)/
파워 배터리: 52.6Wh/어댑터: 30W/전원: USB-PD/최대18시간/
주요제원 두께: 11.3mm/무게: 1.24kg/쿨링팬: 없음(팬리스)/색상: 미드나이트","1,200,790"
APPLE 2022 맥북프로13 M2 8Core 10GPU 그레이,"AI 노트북/운영체제(OS): macOS Monterey/용도: 그래픽작업용, 휴대용/
화면정보 33.7cm(13.3인치)/2560x1600(WQXGA)/500nit/
CPU 애플(ARM)/M2/옥타코어(4+4)/
NPU 애플 뉴럴엔진/15.8TOPS/
램 램 용량: 8GB/램 교체: 불가능/
그래픽 내장그래픽/M2/10core/
저장장치 SSD/256GB/
네트워크 무선랜: 802.11ax(Wi-Fi 6)/
영상입출력 DP Alt Mode/웹캠(HD)/
단자 썬더볼트3: 2개(USB-C겸용)/
파워 배터리: 58.2Wh/어댑터: 67W/전원: USB-PD/최대20시간/
주요제원 두께: 15.6mm/무게: 1.4kg/쿨링팬: 1개/색상: 그레이","1,899,510"
APPLE 2021 맥북프로14 M1 Pro 10Core 16GPU 그레이,"AI 노트북/운영체제(OS): macOS Monterey/용도: 그래픽작업용/
화면정보 35.97cm(14.2인치)/3024x1964/1000nit/주사율: 120Hz/
CPU 애플(ARM)/M1 Pro/APL1103/10코어(8+2)/
NPU 애플 뉴럴엔진/11TOPS/
램 램 용량: 16GB/램 교체: 불가능/
그래픽 내장그래픽/M1 Pro/16core/
저장장치 SSD/1TB/
네트워크 무선랜: 802.11ax(Wi-Fi 6)/
영상입출력 HDMI/DP Alt Mode/웹캠(FHD)/
단자 썬더볼트4: 3개(USB-C겸용)/SD카드/
파워 배터리: 70Wh/어댑터: 96W/전원: USB-PD/
주요제원 두께: 15.5mm/무게: 1.6kg/쿨링팬: 2개/색상: 그레이","2,038,900"
APPLE 2022 맥북에어13 M2 8Core 8GPU 실버,"AI 노트북/운영체제(OS): macOS Monterey/용도: 그래픽작업용, 휴대용/
화면정보 34.5cm(13.6인치)/2560x1664(224ppi)/500nit/
CPU 애플(ARM)/M2/옥타코어(4P+4E)/
NPU 애플 뉴럴엔진/15.8TOPS/
램 램 용량: 8GB/램 교체: 불가능/
그래픽 내장그래픽/M2/8core/
저장장치 SSD/256GB/
네트워크 무선랜: 802.11ax(Wi-Fi 6)/
영상입출력 DP Alt Mode/웹캠(FHD)/
단자 썬더볼트3: 2개(USB-C겸용)/
파워 배터리: 52.6Wh/어댑터: 30W/전원: USB-PD/최대18시간/
주요제원 두께: 11.3mm/무게: 1.24kg/쿨링팬: 없음(팬리스)/색상: 실버","1,599,000"
APPLE 2022 맥북프로13 M2 8Core 10GPU 실버,"AI 노트북/운영체제(OS): macOS Monterey/용도: 그래픽작업용, 휴대용/
화면정보 33.7cm(13.3인치)/2560x1600(WQXGA)/500nit/
CPU 애플(ARM)/M2/옥타코어(4+4)/
NPU 애플 뉴럴엔진/15.8TOPS/
램 램 용량: 8GB/램 교체: 불가능/
그래픽 내장그래픽/M2/10core/
저장장치 SSD/256GB/
네트워크 무선랜: 802.11ax(Wi-Fi 6)/
영상입출력 DP Alt Mode/웹캠(HD)/
단자 썬더볼트3: 2개(USB-C겸용)/
파워 배터리: 58.2Wh/어댑터: 67W/전원: USB-PD/최대20시간/
주요제원 두께: 15.6mm/무게: 1.4kg/쿨링팬: 1개/색상: 실버","1,830,240"
APPLE 2022 맥북에어13 M2 8Core 10GPU 골드,"AI 노트북/운영체제(OS): macOS Monterey/용도: 그래픽작업용, 휴대용/
화면정보 34.5cm(13.6인치)/2560x1664(224ppi)/500nit/
CPU 애플(ARM)/M2/옥타코어(4P+4E)/
NPU 애플 뉴럴엔진/15.8TOPS/
램 램 용량: 8GB/램 교체: 불가능/
그래픽 내장그래픽/M2/10core/
저장장치 SSD/512GB/
네트워크 무선랜: 802.11ax(Wi-Fi 6)/
영상입출력 DP Alt Mode/웹캠(FHD)/
단자 썬더볼트3: 2개(USB-C겸용)/
파워 배터리: 52.6Wh/어댑터: 35W (듀얼 USB-C포트)/전원: USB-PD/최대18시간/
주요제원 두께: 11.3mm/무게: 1.24kg/쿨링팬: 없음(팬리스)/색상: 스타라이트","1,400,990"
APPLE 2023 맥북에어15 M2 8Core 10GPU 블루,"AI 노트북/운영체제(OS): macOS Ventura/용도: 그래픽작업용/
화면정보 38.9cm(15.3인치)/2880x1864(224ppi)/500nit/
CPU 애플(ARM)/M2/옥타코어(4P+4E)/
NPU 애플 뉴럴엔진/15.8TOPS/
램 램 용량: 8GB/램 교체: 불가능/
그래픽 내장그래픽/M2/10core/
저장장치 SSD/256GB/
네트워크 무선랜: 802.11ax(Wi-Fi 6)/
영상입출력 DP Alt Mode/웹캠(FHD)/
단자 썬더볼트3: 2개(USB-C겸용)/
파워 배터리: 66.5Wh/어댑터: 35W (듀얼 USB-C포트)/전원: USB-PD/최대18시간/
주요제원 두께: 11.5mm/무게: 1.51kg/쿨링팬: 없음(팬리스)/색상: 미드나이트","1,579,000"
APPLE 2023 맥북프로16 M2 Max 12Core 38GPU 실버,"AI 노트북/운영체제(OS): macOS Ventura/용도: 그래픽작업용/
화면정보 41.0cm(16.2인치)/3456x2234/1000nit/주사율: 120Hz/
CPU 애플(ARM)/M2 Max/12코어/
NPU 애플 뉴럴엔진/15.8TOPS/
램 램 용량: 32GB/램 교체: 불가능/
그래픽 내장그래픽/M2 Max/38core/
저장장치 SSD/1TB/
네트워크 무선랜: 802.11ax(Wi-Fi 6E)/
영상입출력 HDMI/DP Alt Mode/웹캠(FHD)/
단자 썬더볼트4: 3개(USB-C겸용)/SD카드/
파워 배터리: 100Wh/어댑터: 140W/전원: USB-PD/최대22시간/
주요제원 두께: 16.8mm/무게: 2.16kg/쿨링팬: 2개/색상: 실버","5,097,300"
APPLE 2021 맥북프로16 M1 Pro 10Core 16GPU 실버,"AI 노트북/운영체제(OS): macOS Monterey/용도: 그래픽작업용/
화면정보 41.05cm(16.2인치)/3456x2234/1000nit/주사율: 120Hz/
CPU 애플(ARM)/M1 Pro/APL1103/10코어(8+2)/
NPU 애플 뉴럴엔진/11TOPS/
램 램 용량: 16GB/램 교체: 불가능/
그래픽 내장그래픽/M1 Pro/16core/
저장장치 SSD/512GB/
네트워크 무선랜: 802.11ax(Wi-Fi 6)/
영상입출력 HDMI/DP Alt Mode/웹캠(FHD)/
단자 썬더볼트4: 3개(USB-C겸용)/SD카드/
파워 배터리: 100Wh/어댑터: 140W/전원: USB-PD/
주요제원 두께: 16.8mm/무게: 2.1kg/쿨링팬: 2개/색상: 실버","2,899,100"
APPLE 2022 맥북에어13 M2 8Core 8GPU 골드,"AI 노트북/운영체제(OS): macOS Monterey/용도: 그래픽작업용, 휴대용/
화면정보 34.5cm(13.6인치)/2560x1664(224ppi)/500nit/
CPU 애플(ARM)/M2/옥타코어(4P+4E)/
NPU 애플 뉴럴엔진/15.8TOPS/
램 램 용량: 8GB/램 교체: 불가능/
그래픽 내장그래픽/M2/8core/
저장장치 SSD/256GB/
네트워크 무선랜: 802.11ax(Wi-Fi 6)/
영상입출력 DP Alt Mode/웹캠(FHD)/
단자 썬더볼트3: 2개(USB-C겸용)/
파워 배터리: 52.6Wh/어댑터: 30W/전원: USB-PD/최대18시간/
주요제원 두께: 11.3mm/무게: 1.24kg/쿨링팬: 없음(팬리스)/색상: 스타라이트","1,339,000"
APPLE 2019 맥북프로16 MVVL2KH/A,"노트북/운영체제(OS): macOS Catalina/용도: 그래픽작업용/
화면정보 40.8cm(16인치)/3072x1920/
CPU 인텔/코어i7-9세대/i7-9750H (2.6GHz)/헥사(6)코어/
램 LPDDR4(온보드)/램 용량: 16GB/
그래픽 외장그래픽/라데온 Pro 5300M/VRAM:4GB/
저장장치 SSD/512GB/
네트워크 무선랜: 802.11ac(Wi-Fi 5)/
영상입출력 웹캠(HD)/
단자 썬더볼트3: 4개(USB-C겸용)/
파워 배터리: 100Wh/어댑터: 96W/전원: USB-PD/
주요제원 두께: 16.2mm/무게: 2.0kg/색상: 실버","3,544,960"
APPLE 2023 맥북프로14 M2 Max 12Core 30GPU 그레이,"AI 노트북/운영체제(OS): macOS Ventura/용도: 그래픽작업용/
화면정보 35.9cm(14.2인치)/3024x1964/1000nit/주사율: 120Hz/
CPU 애플(ARM)/M2 Max/12코어/
NPU 애플 뉴럴엔진/15.8TOPS/
램 램 용량: 32GB/램 교체: 불가능/
그래픽 내장그래픽/M2 Max/30core/
저장장치 SSD/1TB/
네트워크 무선랜: 802.11ax(Wi-Fi 6E)/
영상입출력 HDMI/DP Alt Mode/웹캠(FHD)/
단자 썬더볼트4: 3개(USB-C겸용)/SD카드/
파워 배터리: 70Wh/어댑터: 96W/전원: USB-PD/최대18시간/
주요제원 두께: 15.5mm/무게: 1.63kg/쿨링팬: 2개/색상: 그레이","4,180,000"
APPLE 맥북에어 MC965KH/A (중고),"중고/노트북/운영체제(OS): Mac OS X/
화면정보 33.78cm(13.3인치)/1440x900/
CPU 인텔/
램 DDR3/
그래픽 내장그래픽/HD 3000/
저장장치 SSD/
네트워크 무선랜: 802.11b/g/n(Wi-Fi 4)/
영상입출력 웹캠(HD)/
단자 SD카드/
파워 어댑터: 45W/
주요제원 두께: 17mm/무게: 1.35kg","899,000"
APPLE 2020 맥북에어 M1 8Core 8GPU 그레이,"AI 노트북/운영체제(OS): macOS Big Sur/용도: 사무/인강용, 휴대용/
화면정보 33.78cm(13.3인치)/2560x1600(WQXGA)/400nit/
CPU 애플(ARM)/M1/APL1102/옥타코어(4+4)/
NPU 애플 뉴럴엔진/11TOPS/
램 램 용량: 8GB/램 교체: 불가능/
그래픽 내장그래픽/M1/8core/
저장장치 SSD/512GB/
네트워크 무선랜: 802.11ax(Wi-Fi 6)/
영상입출력 웹캠(HD)/
단자 썬더볼트3: 2개(USB-C겸용)/
파워 배터리: 49.9Wh/어댑터: 30W/전원: USB-PD/최대18시간/
주요제원 두께: 16.1mm/무게: 1.29kg/쿨링팬: 없음(팬리스)/색상: 그레이","1,412,160"
APPLE 2023 맥북프로14 M2 Max 12Core 30GPU 실버,"AI 노트북/운영체제(OS): macOS Ventura/용도: 그래픽작업용/
화면정보 35.9cm(14.2인치)/3024x1964/1000nit/주사율: 120Hz/
CPU 애플(ARM)/M2 Max/12코어/
NPU 애플 뉴럴엔진/15.8TOPS/
램 램 용량: 32GB/램 교체: 불가능/
그래픽 내장그래픽/M2 Max/30core/
저장장치 SSD/1TB/
네트워크 무선랜: 802.11ax(Wi-Fi 6E)/
영상입출력 HDMI/DP Alt Mode/웹캠(FHD)/
단자 썬더볼트4: 3개(USB-C겸용)/SD카드/
파워 배터리: 70Wh/어댑터: 96W/전원: USB-PD/최대18시간/
주요제원 두께: 15.5mm/무게: 1.63kg/쿨링팬: 2개/색상: 실버","4,080,000"
APPLE 2023 맥북에어15 M2 8Core 10GPU 그레이,"AI 노트북/운영체제(OS): macOS Ventura/용도: 그래픽작업용/
화면정보 38.9cm(15.3인치)/2880x1864(224ppi)/500nit/
CPU 애플(ARM)/M2/옥타코어(4P+4E)/
NPU 애플 뉴럴엔진/15.8TOPS/
램 램 용량: 8GB/램 교체: 불가능/
그래픽 내장그래픽/M2/10core/
저장장치 SSD/256GB/
네트워크 무선랜: 802.11ax(Wi-Fi 6)/
영상입출력 DP Alt Mode/웹캠(FHD)/
단자 썬더볼트3: 2개(USB-C겸용)/
파워 배터리: 66.5Wh/어댑터: 35W (듀얼 USB-C포트)/전원: USB-PD/최대18시간/
주요제원 두께: 11.5mm/무게: 1.51kg/쿨링팬: 없음(팬리스)/색상: 그레이","2,078,900"
APPLE 2023 맥북프로14 M2 Pro 12Core 19GPU 그레이,"AI 노트북/운영체제(OS): macOS Ventura/용도: 그래픽작업용/
화면정보 35.9cm(14.2인치)/3024x1964/1000nit/주사율: 120Hz/
CPU 애플(ARM)/M2 Pro/12코어/
NPU 애플 뉴럴엔진/15.8TOPS/
램 램 용량: 16GB/램 교체: 불가능/
그래픽 내장그래픽/M2 Pro/19core/
저장장치 SSD/1TB/
네트워크 무선랜: 802.11ax(Wi-Fi 6E)/
영상입출력 HDMI/DP Alt Mode/웹캠(FHD)/
단자 썬더볼트4: 3개(USB-C겸용)/SD카드/
파워 배터리: 70Wh/어댑터: 96W/전원: USB-PD/최대18시간/
주요제원 두께: 15.5mm/무게: 1.6kg/쿨링팬: 2개/색상: 그레이","3,668,630"
APPLE 2023 맥북에어15 M2 8Core 10GPU 실버,"AI 노트북/운영체제(OS): macOS Ventura/용도: 그래픽작업용/
화면정보 38.9cm(15.3인치)/2880x1864(224ppi)/500nit/
CPU 애플(ARM)/M2/옥타코어(4P+4E)/
NPU 애플 뉴럴엔진/15.8TOPS/
램 램 용량: 8GB/램 교체: 불가능/
그래픽 내장그래픽/M2/10core/
저장장치 SSD/256GB/
네트워크 무선랜: 802.11ax(Wi-Fi 6)/
영상입출력 DP Alt Mode/웹캠(FHD)/
단자 썬더볼트3: 2개(USB-C겸용)/
파워 배터리: 66.5Wh/어댑터: 35W (듀얼 USB-C포트)/전원: USB-PD/최대18시간/
주요제원 두께: 11.5mm/무게: 1.51kg/쿨링팬: 없음(팬리스)/색상: 실버","2,004,700"
APPLE 2023 맥북프로14 M2 Pro 12Core 19GPU 실버,"AI 노트북/운영체제(OS): macOS Ventura/용도: 그래픽작업용/
화면정보 35.9cm(14.2인치)/3024x1964/1000nit/주사율: 120Hz/
CPU 애플(ARM)/M2 Pro/12코어/
NPU 애플 뉴럴엔진/15.8TOPS/
램 램 용량: 16GB/램 교체: 불가능/
그래픽 내장그래픽/M2 Pro/19core/
저장장치 SSD/1TB/
네트워크 무선랜: 802.11ax(Wi-Fi 6E)/
영상입출력 HDMI/DP Alt Mode/웹캠(FHD)/
단자 썬더볼트4: 3개(USB-C겸용)/SD카드/
파워 배터리: 70Wh/어댑터: 96W/전원: USB-PD/최대18시간/
주요제원 두께: 15.5mm/무게: 1.6kg/쿨링팬: 2개/색상: 실버","3,609,090"
APPLE 2018 맥북프로13 MR9U2KH/A,"노트북/운영체제(OS): macOS/용도: 사무/인강용, 휴대용/
화면정보 33.78cm(13.3인치)/2560x1600(WQXGA)/
CPU 인텔/코어i5-8세대/i5-8259U (2.3GHz)/쿼드(4)코어/
램 LPDDR3(온보드)/램 용량: 8GB/
그래픽 내장그래픽/Iris Plus 655/
저장장치 SSD/256GB/
네트워크 무선랜: 802.11ac(Wi-Fi 5)/
영상입출력 웹캠(HD)/
단자 썬더볼트3: 4개(USB-C겸용)/
파워 배터리: 58Wh/어댑터: 61W/전원: USB-PD/
주요제원 두께: 14.9mm/무게: 1.37kg/색상: 실버","1,735,000"
APPLE 2020 맥북에어 M1 8Core 8GPU 골드,"AI 노트북/운영체제(OS): macOS Big Sur/용도: 사무/인강용, 휴대용/
화면정보 33.78cm(13.3인치)/2560x1600(WQXGA)/400nit/
CPU 애플(ARM)/M1/APL1102/옥타코어(4+4)/
NPU 애플 뉴럴엔진/11TOPS/
램 램 용량: 8GB/램 교체: 불가능/
그래픽 내장그래픽/M1/8core/
저장장치 SSD/512GB/
네트워크 무선랜: 802.11ax(Wi-Fi 6)/
영상입출력 웹캠(HD)/
단자 썬더볼트3: 2개(USB-C겸용)/
파워 배터리: 49.9Wh/어댑터: 30W/전원: USB-PD/최대18시간/
주요제원 두께: 16.1mm/무게: 1.29kg/쿨링팬: 없음(팬리스)/색상: 골드","1,365,980"
APPLE 2020 맥북프로13 M1 8Core 8GPU 그레이,"AI 노트북/운영체제(OS): macOS Big Sur/용도: 사무/인강용, 휴대용/
화면정보 33.78cm(13.3인치)/2560x1600(WQXGA)/500nit/
CPU 애플(ARM)/M1/APL1102/옥타코어(4+4)/애플 뉴럴엔진/11TOPS/
램 램 용량: 8GB/램 교체: 불가능/
그래픽 내장그래픽/M1/8core/
저장장치 SSD/512GB/
네트워크 무선랜: 802.11ax(Wi-Fi 6)/
영상입출력 웹캠(HD)/
단자 썬더볼트3: 2개(USB-C겸용)/
파워 배터리: 58.2Wh/어댑터: 61W/전원: USB-PD/
주요제원 두께: 15.6mm/무게: 1.4kg/쿨링팬: 1개/색상: 그레이","2,335,380"
APPLE 2023 맥북에어15 M2 8Core 10GPU 골드,"AI 노트북/운영체제(OS): macOS Ventura/용도: 그래픽작업용/
화면정보 38.9cm(15.3인치)/2880x1864(224ppi)/500nit/
CPU 애플(ARM)/M2/옥타코어(4P+4E)/
NPU 애플 뉴럴엔진/15.8TOPS/
램 램 용량: 8GB/램 교체: 불가능/
그래픽 내장그래픽/M2/10core/
저장장치 SSD/256GB/
네트워크 무선랜: 802.11ax(Wi-Fi 6)/
영상입출력 DP Alt Mode/웹캠(FHD)/
단자 썬더볼트3: 2개(USB-C겸용)/
파워 배터리: 66.5Wh/어댑터: 35W (듀얼 USB-C포트)/전원: USB-PD/최대18시간/
주요제원 두께: 11.5mm/무게: 1.51kg/쿨링팬: 없음(팬리스)/색상: 스타라이트","1,857,680"
APPLE 2021 맥북프로16 M1 Max 10Core 32GPU 실버,"AI 노트북/운영체제(OS): macOS Monterey/용도: 그래픽작업용/
화면정보 41.05cm(16.2인치)/3456x2234/1000nit/주사율: 120Hz/
CPU 애플(ARM)/M1 Max/APL1104/10코어(8+2)/
NPU 애플 뉴럴엔진/11TOPS/
램 램 용량: 32GB/램 교체: 불가능/
그래픽 내장그래픽/M1 Max/32core/
저장장치 SSD/1TB/
네트워크 무선랜: 802.11ax(Wi-Fi 6)/
영상입출력 HDMI/DP Alt Mode/웹캠(FHD)/
단자 썬더볼트4: 3개(USB-C겸용)/SD카드/
파워 배터리: 100Wh/어댑터: 140W/전원: USB-PD/
주요제원 두께: 16.8mm/무게: 2.2kg/쿨링팬: 2개/색상: 실버","4,464,990"
APPLE 2023 맥북프로16 M2 Pro 12Core 19GPU 그레이,"AI 노트북/운영체제(OS): macOS Ventura/용도: 그래픽작업용/
화면정보 41.0cm(16.2인치)/3456x2234/1000nit/주사율: 120Hz/
CPU 애플(ARM)/M2 Pro/12코어/
NPU 애플 뉴럴엔진/15.8TOPS/
램 램 용량: 16GB/램 교체: 불가능/
그래픽 내장그래픽/M2 Pro/19core/
저장장치 SSD/512GB/
네트워크 무선랜: 802.11ax(Wi-Fi 6E)/
영상입출력 HDMI/DP Alt Mode/웹캠(FHD)/
단자 썬더볼트4: 3개(USB-C겸용)/SD카드/
파워 배터리: 100Wh/어댑터: 140W/전원: USB-PD/최대22시간/
주요제원 두께: 16.8mm/무게: 2.15kg/쿨링팬: 2개/색상: 그레이","4,116,300"
APPLE 2020 맥북에어 M1 8Core 8GPU 실버,"AI 노트북/운영체제(OS): macOS Big Sur/용도: 사무/인강용, 휴대용/
화면정보 33.78cm(13.3인치)/2560x1600(WQXGA)/400nit/
CPU 애플(ARM)/M1/APL1102/옥타코어(4+4)/
NPU 애플 뉴럴엔진/11TOPS/
램 램 용량: 8GB/램 교체: 불가능/
그래픽 내장그래픽/M1/8core/
저장장치 SSD/512GB/
네트워크 무선랜: 802.11ax(Wi-Fi 6)/
영상입출력 웹캠(HD)/
단자 썬더볼트3: 2개(USB-C겸용)/
파워 배터리: 49.9Wh/어댑터: 30W/전원: USB-PD/최대18시간/
주요제원 두께: 16.1mm/무게: 1.29kg/쿨링팬: 없음(팬리스)/색상: 실버","1,530,000"
APPLE 2018 맥북프로15 MR972KH/A,"노트북/운영체제(OS): macOS/용도: 그래픽작업용/
화면정보 39.11cm(15.4인치)/2880x1800(WQXGA+)/
CPU 인텔/코어i7-8세대/i7-8850H (2.6GHz)/헥사(6)코어/
램 DDR4/램 용량: 16GB/
그래픽 외장그래픽/라데온 Pro 560/라데온 Pro 560X/VRAM:4GB/
저장장치 SSD/512GB/
네트워크 무선랜: 802.11ac(Wi-Fi 5)/
영상입출력 웹캠(HD)/
단자 썬더볼트3: 4개(USB-C겸용)/
파워 배터리: 83.6Wh/어댑터: 87W/전원: USB-PD/
주요제원 두께: 15.5mm/무게: 1.83kg/색상: 실버","3,135,530"
APPLE 2019 맥북프로16 MVVM2KH/A,"노트북/운영체제(OS): macOS Catalina/용도: 그래픽작업용/
화면정보 40.8cm(16인치)/3072x1920/
CPU 인텔/코어i9-9세대/i9-9880H (2.3GHz)/옥타(8)코어/
램 LPDDR4(온보드)/램 용량: 16GB/
그래픽 외장그래픽/라데온 Pro 5500M/VRAM:4GB/
저장장치 SSD/1TB/
네트워크 무선랜: 802.11ac(Wi-Fi 5)/
영상입출력 웹캠(HD)/
단자 썬더볼트3: 4개(USB-C겸용)/
파워 배터리: 100Wh/어댑터: 96W/전원: USB-PD/
주요제원 두께: 16.2mm/무게: 2.0kg/색상: 실버","3,769,990"
APPLE 2020 맥북프로13 M1 8Core 8GPU 실버,"AI 노트북/운영체제(OS): macOS Big Sur/용도: 사무/인강용, 휴대용/
화면정보 33.78cm(13.3인치)/2560x1600(WQXGA)/500nit/
CPU 애플(ARM)/M1/APL1102/옥타코어(4+4)/애플 뉴럴엔진/11TOPS/
램 램 용량: 8GB/램 교체: 불가능/
그래픽 내장그래픽/M1/8core/
저장장치 SSD/256GB/
네트워크 무선랜: 802.11ax(Wi-Fi 6)/
영상입출력 웹캠(HD)/
단자 썬더볼트3: 2개(USB-C겸용)/
파워 배터리: 58.2Wh/어댑터: 61W/전원: USB-PD/
주요제원 두께: 15.6mm/무게: 1.4kg/쿨링팬: 1개/색상: 실버","1,771,620"
APPLE 2018 맥북프로15 MR962KH/A,"노트북/운영체제(OS): macOS/용도: 그래픽작업용/
화면정보 39.11cm(15.4인치)/2880x1800(WQXGA+)/
CPU 인텔/코어i7-8세대/i7-8750H (2.2GHz)/헥사(6)코어/
램 DDR4/램 용량: 16GB/
그래픽 외장그래픽/라데온 RX 550X/라데온 Pro 555/VRAM:4GB/
저장장치 SSD/256GB/
네트워크 무선랜: 802.11ac(Wi-Fi 5)/
영상입출력 웹캠(HD)/
단자 썬더볼트3: 4개(USB-C겸용)/
파워 배터리: 83.6Wh/어댑터: 87W/전원: USB-PD/
주요제원 두께: 15.5mm/무게: 1.83kg/색상: 실버","3,045,380"
APPLE 2023 맥북프로16 M2 Max 12Core 38GPU 그레이,"AI 노트북/운영체제(OS): macOS Ventura/용도: 그래픽작업용/
화면정보 41.0cm(16.2인치)/3456x2234/1000nit/주사율: 120Hz/
CPU 애플(ARM)/M2 Max/12코어/
NPU 애플 뉴럴엔진/15.8TOPS/
램 램 용량: 32GB/램 교체: 불가능/
그래픽 내장그래픽/M2 Max/38core/
저장장치 SSD/1TB/
네트워크 무선랜: 802.11ax(Wi-Fi 6E)/
영상입출력 HDMI/DP Alt Mode/웹캠(FHD)/
단자 썬더볼트4: 3개(USB-C겸용)/SD카드/
파워 배터리: 100Wh/어댑터: 140W/전원: USB-PD/최대22시간/
주요제원 두께: 16.8mm/무게: 2.16kg/쿨링팬: 2개/색상: 그레이","5,198,820"
APPLE 2018 맥북프로15 MR942KH/A,"노트북/운영체제(OS): macOS/용도: 그래픽작업용/
화면정보 39.11cm(15.4인치)/2880x1800(WQXGA+)/
CPU 인텔/코어i7-8세대/i7-8850H (2.6GHz)/헥사(6)코어/
램 DDR4/램 용량: 16GB/
그래픽 외장그래픽/라데온 Pro 560/라데온 Pro 560X/VRAM:4GB/
저장장치 SSD/512GB/
네트워크 무선랜: 802.11ac(Wi-Fi 5)/
영상입출력 웹캠(HD)/
단자 썬더볼트3: 4개(USB-C겸용)/
파워 배터리: 83.6Wh/어댑터: 87W/전원: USB-PD/
주요제원 두께: 15.5mm/무게: 1.83kg/색상: 그레이","3,255,530"
APPLE 2018 맥북프로15 MR932KH/A,"노트북/운영체제(OS): macOS/용도: 그래픽작업용/
화면정보 39.11cm(15.4인치)/2880x1800(WQXGA+)/
CPU 인텔/코어i7-8세대/i7-8750H (2.2GHz)/헥사(6)코어/
램 DDR4/램 용량: 16GB/
그래픽 외장그래픽/라데온 RX 550X/라데온 Pro 555/VRAM:4GB/
저장장치 SSD/256GB/
네트워크 무선랜: 802.11ac(Wi-Fi 5)/
영상입출력 웹캠(HD)/
단자 썬더볼트3: 4개(USB-C겸용)/
파워 배터리: 83.6Wh/어댑터: 87W/전원: USB-PD/
주요제원 두께: 15.5mm/무게: 1.83kg/색상: 그레이","3,045,530"
APPLE 2023 맥북프로14 M2 Pro 10Core 16GPU 실버,"AI 노트북/운영체제(OS): macOS Ventura/용도: 그래픽작업용/
화면정보 35.9cm(14.2인치)/3024x1964/1000nit/주사율: 120Hz/
CPU 애플(ARM)/M2 Pro/10코어/
NPU 애플 뉴럴엔진/15.8TOPS/
램 램 용량: 16GB/램 교체: 불가능/
그래픽 내장그래픽/M2 Pro/16core/
저장장치 SSD/512GB/
네트워크 무선랜: 802.11ax(Wi-Fi 6E)/
영상입출력 HDMI/DP Alt Mode/웹캠(FHD)/
단자 썬더볼트4: 3개(USB-C겸용)/SD카드/
파워 배터리: 70Wh/어댑터: 67W/전원: USB-PD/최대18시간/
주요제원 두께: 15.5mm/무게: 1.6kg/쿨링팬: 2개/색상: 실버","3,378,410"
APPLE 2020 맥북에어 M1 8Core 7GPU 골드,"AI 노트북/운영체제(OS): macOS Big Sur/용도: 사무/인강용, 휴대용/
화면정보 33.78cm(13.3인치)/2560x1600(WQXGA)/400nit/
CPU 애플(ARM)/M1/APL1102/옥타코어(4+4)/
NPU 애플 뉴럴엔진/11TOPS/
램 램 용량: 8GB/램 교체: 불가능/
그래픽 내장그래픽/M1/7core/
저장장치 SSD/256GB/
네트워크 무선랜: 802.11ax(Wi-Fi 6)/
영상입출력 웹캠(HD)/
단자 썬더볼트3: 2개(USB-C겸용)/
파워 배터리: 49.9Wh/어댑터: 30W/전원: USB-PD/최대18시간/
주요제원 두께: 16.1mm/무게: 1.29kg/쿨링팬: 없음(팬리스)/색상: 골드","1,199,740"
APPLE 2019 맥북프로16 MVVK2KH/A,"노트북/운영체제(OS): macOS Catalina/용도: 그래픽작업용/
화면정보 40.8cm(16인치)/3072x1920/
CPU 인텔/코어i9-9세대/i9-9880H (2.3GHz)/옥타(8)코어/
램 LPDDR4(온보드)/램 용량: 16GB/
그래픽 외장그래픽/라데온 Pro 5500M/VRAM:4GB/
저장장치 SSD/1TB/
네트워크 무선랜: 802.11ac(Wi-Fi 5)/
영상입출력 웹캠(HD)/
단자 썬더볼트3: 4개(USB-C겸용)/
파워 배터리: 100Wh/어댑터: 96W/전원: USB-PD/
주요제원 두께: 16.2mm/무게: 2.0kg/색상: 그레이","3,200,000"
APPLE 2017 맥북프로13 MPXW2KH/A,"노트북/운영체제(OS): macOS Sierra/용도: 사무/인강용, 휴대용/
화면정보 33.78cm(13.3인치)/2560x1600(WQXGA)/
CPU 인텔/코어i5-7세대/i5-7267U (3.1GHz)/듀얼(2)코어/
램 LPDDR3(온보드)/램 용량: 8GB/
그래픽 내장그래픽/Iris Plus 650/
저장장치 SSD/512GB/저장 슬롯: 1개/
네트워크 무선랜: 802.11ac(Wi-Fi 5)/
영상입출력 웹캠(HD)/
단자 썬더볼트3: 1개(USB-C겸용)/
파워 전원: USB-PD/
주요제원 두께: 14.9mm/무게: 1.37kg/색상: 그레이","1,500,000"
APPLE 2020 맥북프로13 MWP72KH/A,"노트북/운영체제(OS): macOS/용도: 사무/인강용, 휴대용/
화면정보 33.78cm(13.3인치)/2560x1600(WQXGA)/최대 500/
CPU 인텔/코어i5-10세대/i5-1038NG7 (2.0GHz)/쿼드(4)코어/
램 LPDDR4x(온보드)/램 용량: 16GB/3733MHz/램 교체: 불가능/
그래픽 내장그래픽/Iris Plus/
저장장치 SSD/512GB/
네트워크 무선랜: 802.11ac(Wi-Fi 5)/
영상입출력
단자 썬더볼트3: 4개(USB-C겸용)/
파워 전원: USB-PD/
주요제원 두께: 15.6mm/무게: 1.4kg/색상: 실버","1,973,220"
APPLE 2023 맥북프로14 M2 Pro 10Core 16GPU 그레이,"AI 노트북/운영체제(OS): macOS Ventura/용도: 그래픽작업용/
화면정보 35.9cm(14.2인치)/3024x1964/1000nit/주사율: 120Hz/
CPU 애플(ARM)/M2 Pro/10코어/
NPU 애플 뉴럴엔진/15.8TOPS/
램 램 용량: 16GB/램 교체: 불가능/
그래픽 내장그래픽/M2 Pro/16core/
저장장치 SSD/512GB/
네트워크 무선랜: 802.11ax(Wi-Fi 6E)/
영상입출력 HDMI/DP Alt Mode/웹캠(FHD)/
단자 썬더볼트4: 3개(USB-C겸용)/SD카드/
파워 배터리: 70Wh/어댑터: 67W/전원: USB-PD/최대18시간/
주요제원 두께: 15.5mm/무게: 1.6kg/쿨링팬: 2개/색상: 그레이","3,518,820"
APPLE 2017 맥북프로13 MPXT2KH/A,"노트북/운영체제(OS): macOS Sierra/용도: 사무/인강용, 휴대용/
화면정보 33.78cm(13.3인치)/2560x1600(WQXGA)/
CPU 인텔/코어i5-7세대/i5-7360U (2.3GHz)/듀얼(2)코어/
램 LPDDR3(온보드)/램 용량: 8GB/
그래픽 내장그래픽/Iris Plus 640/
저장장치 SSD/256GB/
네트워크 무선랜: 802.11ac(Wi-Fi 5)/
영상입출력 웹캠(HD)/
단자 썬더볼트3: 2개(USB-C겸용)/
파워 전원: USB-PD/
주요제원 두께: 14.9mm/무게: 1.37kg/색상: 그레이","1,750,000"
APPLE 2019 맥북프로15 MV942KH/A,"노트북/운영체제(OS): macOS/용도: 그래픽작업용/
화면정보 39.11cm(15.4인치)/2880x1800(WQXGA+)/500nit/
CPU 인텔/코어i9-9세대/i9-9980HK (2.4GHz)/옥타(8)코어/
램 DDR4/램 용량: 32GB/
그래픽 외장그래픽/라데온 Pro 560/라데온 Pro 560X/VRAM:4GB/
저장장치 SSD/1TB/
네트워크 무선랜: 802.11ac(Wi-Fi 5)/
영상입출력 웹캠(HD)/
단자 썬더볼트3: 4개(USB-C겸용)/
파워 배터리: 83.6Wh/어댑터: 87W/전원: USB-PD/
주요제원 두께: 15.5mm/무게: 1.83kg/색상: 그레이","4,645,530"
APPLE 2020 맥북프로13 MWP42KH/A,"노트북/운영체제(OS): macOS/용도: 사무/인강용, 휴대용/
화면정보 33.78cm(13.3인치)/2560x1600(WQXGA)/최대 500/
CPU 인텔/코어i5-10세대/i5-1038NG7 (2.0GHz)/쿼드(4)코어/
램 LPDDR4x(온보드)/램 용량: 16GB/3733MHz/램 교체: 불가능/
그래픽 내장그래픽/Iris Plus/
저장장치 SSD/512GB/
네트워크 무선랜: 802.11ac(Wi-Fi 5)/
영상입출력
단자 썬더볼트3: 4개(USB-C겸용)/
파워 전원: USB-PD/
주요제원 두께: 15.6mm/무게: 1.4kg/색상: 그레이","2,578,020"
APPLE 2018 맥북프로13 MR9Q2KH/A,"노트북/운영체제(OS): macOS/용도: 사무/인강용, 휴대용/
화면정보 33.78cm(13.3인치)/2560x1600(WQXGA)/
CPU 인텔/코어i5-8세대/i5-8259U (2.3GHz)/쿼드(4)코어/
램 LPDDR3(온보드)/램 용량: 8GB/
그래픽 내장그래픽/Iris Plus 655/
저장장치 SSD/256GB/
네트워크 무선랜: 802.11ac(Wi-Fi 5)/
영상입출력 웹캠(HD)/
단자 썬더볼트3: 4개(USB-C겸용)/
파워 배터리: 58Wh/어댑터: 61W/전원: USB-PD/
주요제원 두께: 14.9mm/무게: 1.37kg/색상: 그레이","2,155,530"
APPLE 2017 맥북프로15 MPTT2KH/A,"노트북/운영체제(OS): macOS Sierra/용도: 그래픽작업용/
화면정보 39.11cm(15.4인치)/2880x1800(WQXGA+)/
CPU 인텔/코어i7-7세대/i7-7820HQ (2.9GHz)/쿼드(4)코어/
램 LPDDR3(온보드)/램 용량: 16GB/
그래픽 외장그래픽/라데온 Pro 560/VRAM:4GB GDDR5/
저장장치 SSD/512GB/저장 슬롯: 1개/
네트워크 무선랜: 802.11ac(Wi-Fi 5)/
영상입출력 웹캠(HD)/
단자 썬더볼트3: 4개(USB-C겸용)/
파워 전원: USB-PD/
주요제원 두께: 15.5mm/무게: 1.83kg/색상: 그레이","3,120,000"
APPLE 2015 맥북프로15 MJLQ2KH/A,"노트북/운영체제(OS): Mac OS X Yosemite/용도: 사무/
화면정보 39.11cm(15.4인치)/2880x1800(WQXGA+)/
CPU 인텔/코어i7-4세대/i7-4770HQ (2.2GHz)/쿼드(4)코어/
램 DDR3L/램 용량: 16GB/
그래픽 내장그래픽/Iris Pro 5200/
저장장치 SSD/256GB/저장 슬롯: 1개/
네트워크 무선랜: 802.11ac(Wi-Fi 5)/
영상입출력 HDMI/웹캠(HD)/
단자 SD카드/
파워 전원: MagSafe/
주요제원 두께: 1.8mm/무게: 2.04kg/색상: 실버","3,190,000"
APPLE 2023 맥북프로16 M2 Pro 12Core 19GPU 실버,"AI 노트북/운영체제(OS): macOS Ventura/용도: 그래픽작업용/
화면정보 41.0cm(16.2인치)/3456x2234/1000nit/주사율: 120Hz/
CPU 애플(ARM)/M2 Pro/12코어/
NPU 애플 뉴럴엔진/15.8TOPS/
램 램 용량: 16GB/램 교체: 불가능/
그래픽 내장그래픽/M2 Pro/19core/
저장장치 SSD/512GB/
네트워크 무선랜: 802.11ax(Wi-Fi 6E)/
영상입출력 HDMI/DP Alt Mode/웹캠(FHD)/
단자 썬더볼트4: 3개(USB-C겸용)/SD카드/
파워 배터리: 100Wh/어댑터: 140W/전원: USB-PD/최대22시간/
주요제원 두께: 16.8mm/무게: 2.15kg/쿨링팬: 2개/색상: 실버","4,267,400"
APPLE 2020 맥북프로13 MWP82KH/A,"노트북/운영체제(OS): macOS/용도: 사무/인강용, 휴대용/
화면정보 33.78cm(13.3인치)/2560x1600(WQXGA)/최대 500/
CPU 인텔/코어i5-10세대/i5-1038NG7 (2.0GHz)/쿼드(4)코어/
램 LPDDR4x(온보드)/램 용량: 16GB/3733MHz/램 교체: 불가능/
그래픽 내장그래픽/Iris Plus/
저장장치 SSD/1TB/
네트워크 무선랜: 802.11ac(Wi-Fi 5)/
영상입출력
단자 썬더볼트3: 4개(USB-C겸용)/
파워 전원: USB-PD/
주요제원 두께: 15.6mm/무게: 1.4kg/색상: 실버","2,056,000"
APPLE 2018 맥북프로15 MUQH2KH/A,"노트북/운영체제(OS): macOS/용도: 그래픽작업용/
화면정보 39.11cm(15.4인치)/2880x1800(WQXGA+)/500nit/
CPU 인텔/코어i9-8세대/i9-8950HK (2.9GHz)/헥사(6)코어/
램 램 용량: 32GB/
그래픽 외장그래픽/VRAM:4GB/
저장장치 SSD/1TB/
네트워크 무선랜: 802.11ac(Wi-Fi 5)/
영상입출력 웹캠(HD)/
단자 썬더볼트3: 4개(USB-C겸용)/
파워 배터리: 49.2Wh/어댑터: 61W/전원: USB-PD/
주요제원 두께: 15.5mm/무게: 1.83kg/색상: 그레이","4,545,530"
APPLE 2018 맥북프로15 MR952KH/A,"노트북/운영체제(OS): macOS/용도: 그래픽작업용/
화면정보 39.11cm(15.4인치)/2880x1800(WQXGA+)/
CPU 인텔/코어i9-8세대/i9-8950HK (2.9GHz)/헥사(6)코어/
램 DDR4/램 용량: 32GB/
그래픽 외장그래픽/라데온 Pro 560/라데온 Pro 560X/VRAM:4GB/
저장장치 SSD/1TB/
네트워크 무선랜: 802.11ac(Wi-Fi 5)/
영상입출력 웹캠(HD)/
단자 썬더볼트3: 4개(USB-C겸용)/
파워 배터리: 83.6Wh/어댑터: 87W/전원: USB-PD/
주요제원 두께: 15.5mm/무게: 1.83kg/색상: 그레이","4,145,530"
APPLE 2019 맥북프로13 MV9A2KH/A,"노트북/운영체제(OS): macOS Catalina/용도: 사무/인강용, 휴대용/
화면정보 33.78cm(13.3인치)/2560x1600(WQXGA)/
CPU 인텔/코어i5-8세대/i5-8279U (2.4GHz)/쿼드(4)코어/
램 LPDDR3(온보드)/램 용량: 8GB/
그래픽 내장그래픽/Iris Plus 655/
저장장치 SSD/512GB/
네트워크 무선랜: 802.11ac(Wi-Fi 5)/
영상입출력 웹캠(HD)/
단자 썬더볼트3: 4개(USB-C겸용)/
파워 배터리: 58Wh/어댑터: 61W/전원: USB-PD/
주요제원 두께: 14.9mm/무게: 1.37kg/색상: 실버","2,455,530"
APPLE 2019 맥북프로13 MV972KH/A,"노트북/운영체제(OS): macOS Catalina/용도: 사무/인강용, 휴대용/
화면정보 33.78cm(13.3인치)/2560x1600(WQXGA)/
CPU 인텔/코어i5-8세대/i5-8279U (2.4GHz)/쿼드(4)코어/
램 LPDDR3(온보드)/램 용량: 8GB/
그래픽 내장그래픽/Iris Plus 655/
저장장치 SSD/512GB/
네트워크 무선랜: 802.11ac(Wi-Fi 5)/
영상입출력 웹캠(HD)/
단자 썬더볼트3: 4개(USB-C겸용)/
파워 배터리: 58Wh/어댑터: 61W/전원: USB-PD/
주요제원 두께: 14.9mm/무게: 1.37kg/색상: 그레이","2,455,530"
APPLE 2019 맥북프로15 MV902KH/A,"노트북/운영체제(OS): macOS Catalina/용도: 그래픽작업용/
화면정보 39.11cm(15.4인치)/2880x1800(WQXGA+)/
CPU 인텔/코어i7-9세대/i7-9750H (2.6GHz)/헥사(6)코어/
램 DDR4/램 용량: 16GB/
그래픽 외장그래픽/라데온 RX 550X/라데온 Pro 555/VRAM:4GB/
저장장치 SSD/256GB/
네트워크 무선랜: 802.11ac(Wi-Fi 5)/
영상입출력 웹캠(HD)/
단자 썬더볼트3: 4개(USB-C겸용)/
파워 배터리: 83.6Wh/어댑터: 87W/전원: USB-PD/
주요제원 두께: 15.5mm/무게: 1.83kg/색상: 그레이","3,119,350"
APPLE 2019 맥북프로15 MV912KH/A,"노트북/운영체제(OS): macOS Catalina/용도: 그래픽작업용/
화면정보 39.11cm(15.4인치)/2880x1800(WQXGA+)/
CPU 인텔/코어i9-9세대/i9-9880H (2.3GHz)/옥타(8)코어/
램 DDR4/램 용량: 16GB/
그래픽 외장그래픽/라데온 Pro 560/라데온 Pro 560X/VRAM:4GB/
저장장치 SSD/512GB/
네트워크 무선랜: 802.11ac(Wi-Fi 5)/
영상입출력 웹캠(HD)/
단자 썬더볼트3: 4개(USB-C겸용)/
파워 배터리: 83.6Wh/어댑터: 87W/전원: USB-PD/
주요제원 두께: 15.5mm/무게: 1.83kg/색상: 그레이","3,415,380"
APPLE 2017 맥북프로13 MPXR2KH/A,"노트북/운영체제(OS): macOS Sierra/용도: 사무/인강용, 휴대용/
화면정보 33.78cm(13.3인치)/2560x1600(WQXGA)/
CPU 인텔/코어i5-7세대/i5-7360U (2.3GHz)/듀얼(2)코어/
램 LPDDR3(온보드)/램 용량: 8GB/
그래픽 내장그래픽/Iris Plus 640/
저장장치 SSD/128GB/
네트워크 무선랜: 802.11ac(Wi-Fi 5)/
영상입출력 웹캠(HD)/
단자 썬더볼트3: 2개(USB-C겸용)/
파워 전원: USB-PD/
주요제원 두께: 14.9mm/무게: 1.37kg/색상: 실버","1,910,000"
APPLE 2017 맥북프로15 MPTV2KH/A,"노트북/운영체제(OS): macOS Sierra/용도: 그래픽작업용/
화면정보 39.11cm(15.4인치)/2880x1800(WQXGA+)/
CPU 인텔/코어i7-7세대/i7-7820HQ (2.9GHz)/쿼드(4)코어/
램 LPDDR3(온보드)/램 용량: 16GB/
그래픽 외장그래픽/라데온 Pro 560/VRAM:4GB GDDR5/
저장장치 SSD/512GB/
네트워크 무선랜: 802.11ac(Wi-Fi 5)/
영상입출력 웹캠(HD)/
단자 썬더볼트3: 4개(USB-C겸용)/
파워 전원: USB-PD/
주요제원 두께: 15.5mm/무게: 1.83kg/색상: 실버","3,120,000"
APPLE 2016 맥북프로13 MLL42KH/A,"노트북/운영체제(OS): macOS Sierra/용도: 사무/인강용, 휴대용/
화면정보 33.78cm(13.3인치)/2560x1600(WQXGA)/
CPU 인텔/코어i5-6세대/i5-6360U (2.0GHz)/듀얼(2)코어/
램 LPDDR3(온보드)/램 용량: 8GB/
그래픽 내장그래픽/Iris 540/
저장장치 SSD/256GB/저장 슬롯: 1개/
네트워크 무선랜: 802.11ac(Wi-Fi 5)/
영상입출력 웹캠(HD)/
단자 썬더볼트3: 2개(USB-C겸용)/
파워 전원: USB-PD/
주요제원 두께: 14.9mm/무게: 1.37kg/색상: 그레이","1,800,000"
APPLE 2019 맥북프로16 MVVJ2KH/A,"노트북/운영체제(OS): macOS Catalina/용도: 그래픽작업용/
화면정보 40.8cm(16인치)/3072x1920/
CPU 인텔/코어i7-9세대/i7-9750H (2.6GHz)/헥사(6)코어/
램 LPDDR4(온보드)/램 용량: 16GB/
그래픽 외장그래픽/라데온 Pro 5300M/VRAM:4GB/
저장장치 SSD/512GB/
네트워크 무선랜: 802.11ac(Wi-Fi 5)/
영상입출력 웹캠(HD)/
단자 썬더볼트3: 4개(USB-C겸용)/
파워 배터리: 100Wh/어댑터: 96W/전원: USB-PD/
주요제원 두께: 16.2mm/무게: 2.0kg/색상: 그레이","3,475,530"
APPLE 2016 맥북프로15 MLW82KH/A,"노트북/운영체제(OS): macOS Sierra/용도: 그래픽작업용/
화면정보 39.11cm(15.4인치)/2880x1800(WQXGA+)/
CPU 인텔/코어i7-6세대/i7-6820HQ (2.7GHz)/쿼드(4)코어/
램 LPDDR3(온보드)/램 용량: 16GB/
그래픽 외장그래픽/라데온 Pro 455/VRAM:2GB GDDR5/
저장장치 SSD/512GB/저장 슬롯: 1개/
네트워크 무선랜: 802.11ac(Wi-Fi 5)/
영상입출력 웹캠(HD)/
단자 썬더볼트3: 4개(USB-C겸용)/
파워 전원: USB-PD/
주요제원 두께: 15.5mm/무게: 1.83kg/색상: 실버","3,350,000"
APPLE 2020 맥북에어 MWTL2KH/A,"노트북/운영체제(OS): macOS/용도: 사무/인강용, 휴대용/
화면정보 33.78cm(13.3인치)/2560x1600(WQXGA)/
CPU 인텔/코어i3-10세대/i3-1000NG4 (1.1GHz)/듀얼(2)코어/
램 LPDDR4x/램 용량: 8GB/3733MHz/램 교체: 불가능/
그래픽 내장그래픽/Iris Plus/
저장장치 SSD/256GB/
네트워크 무선랜: 802.11ac(Wi-Fi 5)/
영상입출력 웹캠(HD)/
단자 썬더볼트3: 2개(USB-C겸용)/
파워 배터리: 49.9Wh/어댑터: 30W/전원: USB-PD/
주요제원 두께: 16.1mm/무게: 1.29kg/색상: 골드","1,560,000"
APPLE 2019 맥북에어 MVFN2KH/A,"노트북/운영체제(OS): macOS Catalina/용도: 사무/인강용, 휴대용/
화면정보 33.78cm(13.3인치)/2560x1600(WQXGA)/
CPU 인텔/코어i5-8세대/ i5-8210Y 1.6GHz(3.6GHz)/듀얼(2)코어/
램 LPDDR3(온보드)/램 용량: 8GB/
그래픽 내장그래픽/UHD 617/
저장장치 SSD/256GB/
네트워크 무선랜: 802.11ac(Wi-Fi 5)/
영상입출력 웹캠(HD)/
단자 썬더볼트3: 2개(USB-C겸용)/
파워 전원: USB-PD/
주요제원 두께: 15.6mm/무게: 1.25kg/색상: 골드//","1,490,000"
APPLE 2018 맥북에어 MRE92KH/A,"노트북/운영체제(OS): macOS/용도: 사무/인강용, 휴대용/
화면정보 33.78cm(13.3인치)/2560x1600(WQXGA)/
CPU 인텔/코어i5-8세대/ i5-8210Y 1.6GHz(3.6GHz)/듀얼(2)코어/
램 LPDDR3(온보드)/램 용량: 8GB/
그래픽 내장그래픽/UHD 617/
저장장치 SSD/256GB/
네트워크 무선랜: 802.11ac(Wi-Fi 5)/
영상입출력 웹캠(HD)/
단자 썬더볼트3: 2개(USB-C겸용)/
파워 전원: USB-PD/
주요제원 두께: 15.6mm/무게: 1.25kg/색상: 그레이","1,720,460"
APPLE 2020 맥북에어 MVH42KH/A,"노트북/운영체제(OS): macOS/용도: 사무/인강용, 휴대용/
화면정보 33.78cm(13.3인치)/2560x1600(WQXGA)/
CPU 인텔/코어i5-10세대/i5-1030NG7 (1.1GHz)/쿼드(4)코어/
램 LPDDR4x/램 용량: 8GB/3733MHz/램 교체: 불가능/
그래픽 내장그래픽/Iris Plus/
저장장치 SSD/512GB/
네트워크 무선랜: 802.11ac(Wi-Fi 5)/
영상입출력 웹캠(HD)/
단자 썬더볼트3: 2개(USB-C겸용)/
파워 배터리: 49.9Wh/어댑터: 30W/전원: USB-PD/
주요제원 두께: 16.1mm/무게: 1.29kg/색상: 실버","1,850,000"
APPLE 2020 맥북에어 MVH52KH/A,"노트북/운영체제(OS): macOS/용도: 사무/인강용, 휴대용/
화면정보 33.78cm(13.3인치)/2560x1600(WQXGA)/
CPU 인텔/코어i5-10세대/i5-1030NG7 (1.1GHz)/쿼드(4)코어/
램 LPDDR4x/램 용량: 8GB/3733MHz/램 교체: 불가능/
그래픽 내장그래픽/Iris Plus/
저장장치 SSD/512GB/
네트워크 무선랜: 802.11ac(Wi-Fi 5)/
영상입출력 웹캠(HD)/
단자 썬더볼트3: 2개(USB-C겸용)/
파워 배터리: 49.9Wh/어댑터: 30W/전원: USB-PD/
주요제원 두께: 16.1mm/무게: 1.29kg/색상: 골드","1,850,000"
APPLE 2020 맥북에어 MVH22KH/A,"노트북/운영체제(OS): macOS/용도: 사무/인강용, 휴대용/
화면정보 33.78cm(13.3인치)/2560x1600(WQXGA)/
CPU 인텔/코어i5-10세대/i5-1030NG7 (1.1GHz)/쿼드(4)코어/
램 LPDDR4x/램 용량: 8GB/3733MHz/램 교체: 불가능/
그래픽 내장그래픽/Iris Plus/
저장장치 SSD/512GB/
네트워크 무선랜: 802.11ac(Wi-Fi 5)/
영상입출력 웹캠(HD)/
단자 썬더볼트3: 2개(USB-C겸용)/
파워 배터리: 49.9Wh/어댑터: 30W/전원: USB-PD/
주요제원 두께: 16.1mm/무게: 1.29kg/색상: 그레이","1,850,000"
APPLE 2020 맥북에어 MWTK2KH/A,"노트북/운영체제(OS): macOS/용도: 사무/인강용, 휴대용/
화면정보 33.78cm(13.3인치)/2560x1600(WQXGA)/
CPU 인텔/코어i3-10세대/i3-1000NG4 (1.1GHz)/듀얼(2)코어/
램 LPDDR4x/램 용량: 8GB/3733MHz/램 교체: 불가능/
그래픽 내장그래픽/Iris Plus/
저장장치 SSD/256GB/
네트워크 무선랜: 802.11ac(Wi-Fi 5)/
영상입출력 웹캠(HD)/
단자 썬더볼트3: 2개(USB-C겸용)/
파워 배터리: 49.9Wh/어댑터: 30W/전원: USB-PD/
주요제원 두께: 16.1mm/무게: 1.29kg/색상: 실버","1,560,000"
APPLE 2020 맥북에어 MWTJ2KH/A,"노트북/운영체제(OS): macOS/용도: 사무/인강용, 휴대용/
화면정보 33.78cm(13.3인치)/2560x1600(WQXGA)/
CPU 인텔/코어i3-10세대/i3-1000NG4 (1.1GHz)/듀얼(2)코어/
램 LPDDR4x/램 용량: 8GB/3733MHz/램 교체: 불가능/
그래픽 내장그래픽/Iris Plus/
저장장치 SSD/256GB/
네트워크 무선랜: 802.11ac(Wi-Fi 5)/
영상입출력 웹캠(HD)/
단자 썬더볼트3: 2개(USB-C겸용)/
파워 배터리: 49.9Wh/어댑터: 30W/전원: USB-PD/
주요제원 두께: 16.1mm/무게: 1.29kg/색상: 그레이","1,560,000"
APPLE 2018 맥북에어 MREE2KH/A,"노트북/운영체제(OS): macOS/용도: 사무/인강용, 휴대용/
화면정보 33.78cm(13.3인치)/2560x1600(WQXGA)/
CPU 인텔/코어i5-8세대/ i5-8210Y 1.6GHz(3.6GHz)/듀얼(2)코어/
램 LPDDR3(온보드)/램 용량: 8GB/
그래픽 내장그래픽/UHD 617/
저장장치 SSD/128GB/
네트워크 무선랜: 802.11ac(Wi-Fi 5)/
영상입출력 웹캠(HD)/
단자 썬더볼트3: 2개(USB-C겸용)/
파워 전원: USB-PD/
주요제원 두께: 15.6mm/무게: 1.25kg/색상: 골드","1,690,000"
APPLE 2015 맥북에어13 MMGF2KH/A,"노트북/운영체제(OS): Mac OS X El Capitan/용도: 사무/인강용, 휴대용/
화면정보 33.78cm(13.3인치)/1440x900/
CPU 인텔/코어i5-5세대/i5-5250U (1.6GHz)/듀얼(2)코어/
램 LPDDR3(온보드)/램 용량: 8GB/
그래픽 내장그래픽/HD 6000/
저장장치 SSD/128GB/저장 슬롯: 1개/
네트워크 무선랜: 802.11ac(Wi-Fi 5)/
영상입출력 웹캠(HD)/
단자 SD카드/
파워 전원: MagSafe/
주요제원 두께: 17mm/무게: 1.35kg/색상: 실버","1,530,000"
APPLE 2016 맥북프로13 MLH12KH/A,"노트북/운영체제(OS): macOS Sierra/용도: 사무/인강용, 휴대용/
화면정보 33.78cm(13.3인치)/2560x1600(WQXGA)/
CPU 인텔/코어i5-6세대/i5-6267U (2.9GHz)/듀얼(2)코어/
램 LPDDR3(온보드)/램 용량: 8GB/
그래픽 내장그래픽/Iris 550/
저장장치 SSD/256GB/
네트워크 무선랜: 802.11ac(Wi-Fi 5)/
영상입출력 웹캠(HD)/
단자 썬더볼트3: 1개(USB-C겸용)/
파워 전원: USB-PD/
주요제원 두께: 14.9mm/무게: 1.37kg/색상: 그레이","2,106,000"
APPLE 2019 맥북에어 MVFH2KH/A,"노트북/운영체제(OS): macOS Catalina/용도: 사무/인강용, 휴대용/
화면정보 33.78cm(13.3인치)/2560x1600(WQXGA)/
CPU 인텔/코어i5-8세대/ i5-8210Y 1.6GHz(3.6GHz)/듀얼(2)코어/
램 LPDDR3(온보드)/램 용량: 8GB/
그래픽 내장그래픽/UHD 617/
저장장치 SSD/128GB/
네트워크 무선랜: 802.11ac(Wi-Fi 5)/
영상입출력 웹캠(HD)/
단자 썬더볼트3: 2개(USB-C겸용)/
파워 전원: USB-PD/
주요제원 두께: 15.6mm/무게: 1.25kg/색상: 그레이","1,490,000"
APPLE 2017 맥북프로15 MPTR2KH/A,"노트북/운영체제(OS): macOS Sierra/용도: 그래픽작업용/
화면정보 39.11cm(15.4인치)/2880x1800(WQXGA+)/
CPU 인텔/코어i7-7세대/i7-7700HQ (2.8GHz)/쿼드(4)코어/
램 LPDDR3(온보드)/램 용량: 16GB/
그래픽 외장그래픽/라데온 Pro 555/VRAM:2GB GDDR5/
저장장치 SSD/256GB/
네트워크 무선랜: 802.11ac(Wi-Fi 5)/
영상입출력 웹캠(HD)/
단자 썬더볼트3: 4개(USB-C겸용)/
파워 전원: USB-PD/
주요제원 두께: 15.5mm/무게: 1.83kg/색상: 그레이","2,921,000"
APPLE 2024 맥북에어13 M3 8Core 8GPU 해외구매,"AI 노트북/운영체제(OS): macOS Sonoma/용도: 그래픽작업용, 휴대용/
화면정보 34.5cm(13.6인치)/2560x1664(224ppi)/500nit/
CPU 애플(ARM)/M3/옥타코어(4P+4E)/
NPU 애플 뉴럴엔진/18TOPS/
램 램 용량: 8GB/램 교체: 불가능/
그래픽 내장그래픽/M3/8core/
저장장치 SSD/256GB/
네트워크 무선랜: 802.11ax(Wi-Fi 6E)/
영상입출력 DP Alt Mode/웹캠(FHD)/
단자 썬더볼트3: 2개(USB-C겸용)/
파워 배터리: 52.6Wh/어댑터: 30W/전원: USB-PD/최대18시간/
주요제원 두께: 11.3mm/무게: 1.24kg/쿨링팬: 없음(팬리스)/색상: 실버, 그레이, 스타라이트, 미드나이트","1,649,900"
APPLE 2020 맥북프로13 MWP52KH/A,"노트북/운영체제(OS): macOS/용도: 사무/인강용, 휴대용/
화면정보 33.78cm(13.3인치)/2560x1600(WQXGA)/최대 500/
CPU 인텔/코어i5-10세대/i5-1038NG7 (2.0GHz)/쿼드(4)코어/
램 LPDDR4x(온보드)/램 용량: 16GB/3733MHz/램 교체: 불가능/
그래픽 내장그래픽/Iris Plus/
저장장치 SSD/1TB/
네트워크 무선랜: 802.11ac(Wi-Fi 5)/
단자 썬더볼트3: 4개(USB-C겸용)/
파워 전원: USB-PD/
주요제원 두께: 15.6mm/무게: 1.4kg/색상: 그레이","2,056,000"
APPLE 2019 맥북프로13 MUHP2KH/A,"노트북/운영체제(OS): macOS Catalina/용도: 사무/인강용, 휴대용/
화면정보 33.78cm(13.3인치)/2560x1600(WQXGA)/
CPU 인텔/코어i5-8세대/i5-8257U (1.4GHz)/쿼드(4)코어/
램 LPDDR3(온보드)/램 용량: 8GB/
그래픽 내장그래픽/Iris Plus 645/
저장장치 SSD/256GB/
네트워크 무선랜: 802.11ac(Wi-Fi 5)/
영상입출력 웹캠(HD)/
단자 썬더볼트3: 2개(USB-C겸용)/
파워 배터리: 58Wh/어댑터: 61W/전원: USB-PD/
주요제원 두께: 14.9mm/무게: 1.37kg/색상: 그레이","2,165,530"
APPLE 2019 맥북프로13 MUHR2KH/A,"노트북/운영체제(OS): macOS Catalina/용도: 사무/인강용, 휴대용/
화면정보 33.78cm(13.3인치)/2560x1600(WQXGA)/
CPU 인텔/코어i5-8세대/i5-8257U (1.4GHz)/쿼드(4)코어/
램 LPDDR3(온보드)/램 용량: 8GB/
그래픽 내장그래픽/Iris Plus 645/
저장장치 SSD/256GB/
네트워크 무선랜: 802.11ac(Wi-Fi 5)/
영상입출력 웹캠(HD)/
단자 썬더볼트3: 2개(USB-C겸용)/
파워 배터리: 58Wh/어댑터: 61W/전원: USB-PD/
주요제원 두께: 14.9mm/무게: 1.37kg/색상: 실버","2,135,530"
APPLE 2019 맥북프로13 MUHQ2KH/A,"노트북/운영체제(OS): macOS Catalina/용도: 사무/인강용, 휴대용/
화면정보 33.78cm(13.3인치)/2560x1600(WQXGA)/
CPU 인텔/코어i5-8세대/i5-8257U (1.4GHz)/쿼드(4)코어/
램 LPDDR3(온보드)/램 용량: 8GB/
그래픽 내장그래픽/Iris Plus 645/
저장장치 SSD/128GB/
네트워크 무선랜: 802.11ac(Wi-Fi 5)/
영상입출력 웹캠(HD)/
단자 썬더볼트3: 2개(USB-C겸용)/
파워 배터리: 58Wh/어댑터: 61W/전원: USB-PD/
주요제원 두께: 14.9mm/무게: 1.37kg/색상: 실버","1,855,380"
APPLE 2019 맥북프로13 MUHN2KH/A,"노트북/운영체제(OS): macOS Catalina/용도: 사무/인강용, 휴대용/
화면정보 33.78cm(13.3인치)/2560x1600(WQXGA)/
CPU 인텔/코어i5-8세대/i5-8257U (1.4GHz)/쿼드(4)코어/
램 LPDDR3(온보드)/램 용량: 8GB/
그래픽 내장그래픽/Iris Plus 645/
저장장치 SSD/128GB/
네트워크 무선랜: 802.11ac(Wi-Fi 5)/
영상입출력 웹캠(HD)/
단자 썬더볼트3: 2개(USB-C겸용)/
파워 배터리: 58Wh/어댑터: 61W/전원: USB-PD/
주요제원 두께: 14.9mm/무게: 1.37kg/색상: 그레이","1,855,530"
APPLE 2019 맥북에어 MVFJ2KH/A,"노트북/운영체제(OS): macOS Catalina/용도: 사무/인강용, 휴대용/
화면정보 33.78cm(13.3인치)/2560x1600(WQXGA)/
CPU 인텔/코어i5-8세대/ i5-8210Y 1.6GHz(3.6GHz)/듀얼(2)코어/
램 LPDDR3(온보드)/램 용량: 8GB/
그래픽 내장그래픽/UHD 617/
저장장치 SSD/256GB/
네트워크 무선랜: 802.11ac(Wi-Fi 5)/
영상입출력 웹캠(HD)/
단자 썬더볼트3: 2개(USB-C겸용)/
파워 전원: USB-PD/
주요제원 두께: 15.6mm/무게: 1.25kg/색상: 그레이","1,880,000"
APPLE 2019 맥북에어 MVFL2KH/A,"노트북/운영체제(OS): macOS Catalina/용도: 사무/인강용, 휴대용/
화면정보 33.78cm(13.3인치)/2560x1600(WQXGA)/
CPU 인텔/코어i5-8세대/ i5-8210Y 1.6GHz(3.6GHz)/듀얼(2)코어/
램 LPDDR3(온보드)/램 용량: 8GB/
그래픽 내장그래픽/UHD 617/
저장장치 SSD/256GB/
네트워크 무선랜: 802.11ac(Wi-Fi 5)/
영상입출력 웹캠(HD)/
단자 썬더볼트3: 2개(USB-C겸용)/
파워 전원: USB-PD/
주요제원 두께: 15.6mm/무게: 1.25kg/색상: 실버//","1,490,000"
APPLE 2019 맥북에어 MVFK2KH/A,"노트북/운영체제(OS): macOS Catalina/용도: 사무/인강용, 휴대용/
화면정보 33.78cm(13.3인치)/2560x1600(WQXGA)/
CPU 인텔/코어i5-8세대/ i5-8210Y 1.6GHz(3.6GHz)/듀얼(2)코어/
램 LPDDR3(온보드)/램 용량: 8GB/
그래픽 내장그래픽/UHD 617/
저장장치 SSD/128GB/
네트워크 무선랜: 802.11ac(Wi-Fi 5)/
영상입출력 웹캠(HD)/
단자 썬더볼트3: 2개(USB-C겸용)/
파워 전원: USB-PD/
주요제원 두께: 15.6mm/무게: 1.25kg/색상: 실버//","1,390,000"
APPLE 2019 맥북에어 MVFM2KH/A,"노트북/운영체제(OS): macOS Catalina/용도: 사무/인강용, 휴대용/
화면정보 33.78cm(13.3인치)/2560x1600(WQXGA)/
CPU 인텔/코어i5-8세대/ i5-8210Y 1.6GHz(3.6GHz)/듀얼(2)코어/
램 LPDDR3(온보드)/램 용량: 8GB/
그래픽 내장그래픽/UHD 617/
저장장치 SSD/128GB/
네트워크 무선랜: 802.11ac(Wi-Fi 5)/
영상입출력 웹캠(HD)/
단자 썬더볼트3: 2개(USB-C겸용)/
파워 전원: USB-PD/
주요제원 두께: 15.6mm/무게: 1.25kg/색상: 골드//","1,360,000"
APPLE 2019 맥북프로13 MV992KH/A,"노트북/운영체제(OS): macOS Catalina/용도: 사무/인강용, 휴대용/
화면정보 33.78cm(13.3인치)/2560x1600(WQXGA)/
CPU 인텔/코어i5-8세대/i5-8279U (2.4GHz)/쿼드(4)코어/
램 LPDDR3(온보드)/램 용량: 8GB/
그래픽 내장그래픽/Iris Plus 655/
저장장치 SSD/256GB/
네트워크 무선랜: 802.11ac(Wi-Fi 5)/
영상입출력 웹캠(HD)/
단자 썬더볼트3: 4개(USB-C겸용)/
파워 배터리: 58Wh/어댑터: 61W/전원: USB-PD/
주요제원 두께: 14.9mm/무게: 1.37kg/색상: 실버","2,255,530"
APPLE 2019 맥북프로13 MV962KH/A,"노트북/운영체제(OS): macOS Catalina/용도: 사무/인강용, 휴대용/
화면정보 33.78cm(13.3인치)/2560x1600(WQXGA)/
CPU 인텔/코어i5-8세대/i5-8279U (2.4GHz)/쿼드(4)코어/
램 LPDDR3(온보드)/램 용량: 8GB/
그래픽 내장그래픽/Iris Plus 655/
저장장치 SSD/256GB/
네트워크 무선랜: 802.11ac(Wi-Fi 5)/
영상입출력 웹캠(HD)/
단자 썬더볼트3: 4개(USB-C겸용)/
파워 배터리: 58Wh/어댑터: 61W/전원: USB-PD/
주요제원 두께: 14.9mm/무게: 1.37kg/색상: 그레이","2,255,530"
APPLE 2019 맥북프로15 MV922KH/A,"노트북/운영체제(OS): macOS Catalina/용도: 그래픽작업용/
화면정보 39.11cm(15.4인치)/2880x1800(WQXGA+)/
CPU 인텔/코어i7-9세대/i7-9750H (2.6GHz)/헥사(6)코어/
램 DDR4/램 용량: 16GB/
그래픽 외장그래픽/라데온 RX 550X/라데온 Pro 555/VRAM:4GB/
저장장치 SSD/256GB/
네트워크 무선랜: 802.11ac(Wi-Fi 5)/
영상입출력 웹캠(HD)/
단자 썬더볼트3: 4개(USB-C겸용)/
파워 배터리: 83.6Wh/어댑터: 87W/전원: USB-PD/
주요제원 두께: 15.5mm/무게: 1.83kg/색상: 실버","3,165,530"
APPLE 2019 맥북프로15 MV932KH/A,"노트북/운영체제(OS): macOS Catalina/용도: 그래픽작업용/
화면정보 39.11cm(15.4인치)/2880x1800(WQXGA+)/
CPU 인텔/코어i9-9세대/i9-9880H (2.3GHz)/옥타(8)코어/
램 DDR4/램 용량: 16GB/
그래픽 외장그래픽/라데온 Pro 560/라데온 Pro 560X/VRAM:4GB/
저장장치 SSD/512GB/
네트워크 무선랜: 802.11ac(Wi-Fi 5)/
영상입출력 웹캠(HD)/
단자 썬더볼트3: 4개(USB-C겸용)/
파워 배터리: 83.6Wh/어댑터: 87W/전원: USB-PD/
주요제원 두께: 15.5mm/무게: 1.83kg/색상: 실버","3,415,530"
APPLE 2018 맥북에어 MREC2KH/A,"노트북/운영체제(OS): macOS/용도: 사무/인강용, 휴대용/
화면정보 33.78cm(13.3인치)/2560x1600(WQXGA)/
CPU 인텔/코어i5-8세대/ i5-8210Y 1.6GHz(3.6GHz)/듀얼(2)코어/
램 LPDDR3(온보드)/램 용량: 8GB/
그래픽 내장그래픽/UHD 617/
저장장치 SSD/256GB/
네트워크 무선랜: 802.11ac(Wi-Fi 5)/
영상입출력 웹캠(HD)/
단자 썬더볼트3: 2개(USB-C겸용)/
파워 전원: USB-PD/
주요제원 두께: 15.6mm/무게: 1.25kg/색상: 실버","1,890,000"
APPLE 2018 맥북에어 MREF2KH/A,"노트북/운영체제(OS): macOS/용도: 사무/인강용, 휴대용/
화면정보 33.78cm(13.3인치)/2560x1600(WQXGA)/
CPU 인텔/코어i5-8세대/ i5-8210Y 1.6GHz(3.6GHz)/듀얼(2)코어/
램 LPDDR3(온보드)/램 용량: 8GB/
그래픽 내장그래픽/UHD 617/
저장장치 SSD/256GB/
네트워크 무선랜: 802.11ac(Wi-Fi 5)/
영상입출력 웹캠(HD)/
단자 썬더볼트3: 2개(USB-C겸용)/
파워 전원: USB-PD/
주요제원 두께: 15.6mm/무게: 1.25kg/색상: 골드","1,890,000"
APPLE 2018 맥북에어 MREA2KH/A,"노트북/운영체제(OS): macOS/용도: 사무/인강용, 휴대용/
화면정보 33.78cm(13.3인치)/2560x1600(WQXGA)/
CPU 인텔/코어i5-8세대/ i5-8210Y 1.6GHz(3.6GHz)/듀얼(2)코어/
램 LPDDR3(온보드)/램 용량: 8GB/
그래픽 내장그래픽/UHD 617/
저장장치 SSD/128GB/
네트워크 무선랜: 802.11ac(Wi-Fi 5)/
영상입출력 웹캠(HD)/
단자 썬더볼트3: 2개(USB-C겸용)/
파워 전원: USB-PD/
주요제원 두께: 15.6mm/무게: 1.25kg/색상: 실버","1,790,000"
APPLE 2018 맥북에어 MRE82KH/A,"노트북/운영체제(OS): macOS/용도: 사무/인강용, 휴대용/
화면정보 33.78cm(13.3인치)/2560x1600(WQXGA)/
CPU 인텔/코어i5-8세대/ i5-8210Y 1.6GHz(3.6GHz)/듀얼(2)코어/
램 LPDDR3(온보드)/램 용량: 8GB/
그래픽 내장그래픽/UHD 617/
저장장치 SSD/128GB/
네트워크 무선랜: 802.11ac(Wi-Fi 5)/
영상입출력 웹캠(HD)/
단자 썬더볼트3: 2개(USB-C겸용)/
파워 전원: USB-PD/
주요제원 두께: 15.6mm/무게: 1.25kg/색상: 그레이","1,690,000"
APPLE 2018 맥북프로13 MR9V2KH/A,"노트북/운영체제(OS): macOS/용도: 사무/인강용, 휴대용/
화면정보 33.78cm(13.3인치)/2560x1600(WQXGA)/
CPU 인텔/코어i5-8세대/i5-8259U (2.3GHz)/쿼드(4)코어/
램 LPDDR3(온보드)/램 용량: 8GB/
그래픽 내장그래픽/Iris Plus 655/
저장장치 SSD/512GB/
네트워크 무선랜: 802.11ac(Wi-Fi 5)/
영상입출력 웹캠(HD)/
단자 썬더볼트3: 4개(USB-C겸용)/
파워 배터리: 58Wh/어댑터: 61W/전원: USB-PD/
주요제원 두께: 14.9mm/무게: 1.37kg/색상: 실버","2,255,530"
APPLE 2018 맥북프로13 MR9R2KH/A,"노트북/운영체제(OS): macOS/용도: 사무/인강용, 휴대용/
화면정보 33.78cm(13.3인치)/2560x1600(WQXGA)/
CPU 인텔/코어i5-8세대/i5-8259U (2.3GHz)/쿼드(4)코어/
램 LPDDR3(온보드)/램 용량: 8GB/
그래픽 내장그래픽/Iris Plus 655/
저장장치 SSD/512GB/
네트워크 무선랜: 802.11ac(Wi-Fi 5)/
영상입출력 웹캠(HD)/
단자 썬더볼트3: 4개(USB-C겸용)/
파워 배터리: 58Wh/어댑터: 61W/전원: USB-PD/
주요제원 두께: 14.9mm/무게: 1.37kg/색상: 그레이","2,320,000"
APPLE 2017 맥북프로13 MPXU2KH/A,"노트북/운영체제(OS): macOS Sierra/용도: 사무/인강용, 휴대용/
화면정보 33.78cm(13.3인치)/2560x1600(WQXGA)/
CPU 인텔/코어i5-7세대/i5-7360U (2.3GHz)/듀얼(2)코어/
램 LPDDR3(온보드)/램 용량: 8GB/
그래픽 내장그래픽/Iris Plus 640/
저장장치 SSD/256GB/
네트워크 무선랜: 802.11ac(Wi-Fi 5)/
영상입출력 웹캠(HD)/
단자 썬더볼트3: 2개(USB-C겸용)/
파워 전원: USB-PD/
주요제원 두께: 14.9mm/무게: 1.37kg/색상: 실버","1,750,000"
APPLE 2017 맥북프로13 MPXV2KH/A,"노트북/운영체제(OS): macOS Sierra/용도: 사무/인강용, 휴대용/
화면정보 33.78cm(13.3인치)/2560x1600(WQXGA)/
CPU 인텔/코어i5-7세대/i5-7267U (3.1GHz)/듀얼(2)코어/
램 LPDDR3(온보드)/램 용량: 8GB/
그래픽 내장그래픽/Iris Plus 650/
저장장치 SSD/256GB/
네트워크 무선랜: 802.11ac(Wi-Fi 5)/
영상입출력 웹캠(HD)/
단자 썬더볼트3: 4개(USB-C겸용)/
파워 전원: USB-PD/
주요제원 두께: 14.9mm/무게: 1.37kg/색상: 그레이","2,100,610"
APPLE 2017 맥북프로13 MPXX2KH/A,"노트북/운영체제(OS): macOS Sierra/용도: 사무/인강용, 휴대용/
화면정보 33.78cm(13.3인치)/2560x1600(WQXGA)/
CPU 인텔/코어i5-7세대/i5-7267U (3.1GHz)/듀얼(2)코어/
램 LPDDR3(온보드)/램 용량: 8GB/
그래픽 내장그래픽/Iris Plus 650/
저장장치 SSD/256GB/
네트워크 무선랜: 802.11ac(Wi-Fi 5)/
영상입출력 웹캠(HD)/
단자 썬더볼트3: 4개(USB-C겸용)/
파워 전원: USB-PD/
주요제원 두께: 14.9mm/무게: 1.37kg/색상: 실버","2,100,620"
APPLE 2017 맥북프로15 MPTU2KH/A,"노트북/운영체제(OS): macOS Sierra/용도: 그래픽작업용/
화면정보 39.11cm(15.4인치)/2880x1800(WQXGA+)/
CPU 인텔/코어i7-7세대/i7-7700HQ (2.8GHz)/쿼드(4)코어/
램 LPDDR3(온보드)/램 용량: 16GB/
그래픽 외장그래픽/라데온 Pro 555/VRAM:2GB GDDR5/
저장장치 SSD/256GB/
네트워크 무선랜: 802.11ac(Wi-Fi 5)/
영상입출력 웹캠(HD)/
단자 썬더볼트3: 4개(USB-C겸용)/
파워 전원: USB-PD/
주요제원 두께: 15.5mm/무게: 1.83kg/색상: 실버","2,679,990"
